Rk,Player,Nation,Pos,Squad,Comp,Age,Born,MP,Starts,Min,90s,Gls,Ast,G+A,G-PK,PK,PKatt,CrdY,CrdR,G+A-PK,GA,GA90,SoTA,Saves,Save%,W,D,L,CS,CS%,PKatt_stats_keeper,PKA,PKsv,PKm,Sh,SoT,SoT%,Sh/90,SoT/90,G/Sh,G/SoT,Mn/MP,Min%,Mn/Start,Compl,Subs,Mn/Sub,unSub,PPM,onG,onGA,+/-,+/-90,On-Off,CrdY_stats_misc,CrdR_stats_misc,2CrdY,Fls,Fld,Off,Crs,Int,TklW,OG,Pos_clean,role_group,Player_clean,nation_code,nation_name,league_code,league_name,starts_ratio,minutes_per_appearance,Saves_per90,GA_per90_check
39,Julen Agirrezabala,es ESP,GK,Valencia,es La Liga,25.0,2000.0,18,18,1620,18.0,0,0,0,0,0,0,1,0,0.0,30.0,1.67,79.0,52.0,65.8,3.0,7.0,8.0,4.0,22.2,4.0,3.0,1.0,0.0,0,0,,0.0,0.0,,,90,64.3,90.0,18,0,,0,0.89,17,30,-13,-0.72,-0.82,1,0,0,0,1,0,0,0,1,0,GK,GK,julen agirrezabala,es,ESP,es,La Liga,1.0,90.0,2.888888888888889,1.6666666666666667
79,Alisson,br BRA,GK,Liverpool,eng Premier League,33.0,1992.0,25,25,2250,25.0,0,0,0,0,0,0,1,0,0.0,30.0,1.2,84.0,56.0,66.7,13.0,7.0,5.0,8.0,32.0,2.0,2.0,0.0,0.0,0,0,,0.0,0.0,,,90,83.3,90.0,25,0,,0,1.84,43,30,13,0.52,1.32,1,0,0,1,7,0,0,0,0,0,GK,GK,alisson,br,BRA,eng,Premier League,1.0,90.0,2.24,1.2
109,Nícolas Andrade,br BRA,GK,Pisa,it Serie A,37.0,1988.0,5,5,450,5.0,0,0,0,0,0,0,0,0,0.0,9.0,1.8,19.0,10.0,52.6,1.0,0.0,4.0,0.0,0.0,1.0,0.0,0.0,1.0,0,0,,0.0,0.0,,,90,17.2,90.0,5,0,,24,0.6,4,9,-5,-1.0,-0.13,0,0,0,0,1,0,0,0,0,0,GK,GK,nicolas andrade,br,BRA,it,Serie A,1.0,90.0,2.0,1.8
136,Alphonse Areola,fr FRA,GK,West Ham United,eng Premier League,33.0,1993.0,20,20,1800,20.0,0,1,1,0,0,0,0,0,0.05,37.0,1.85,108.0,76.0,70.4,4.0,5.0,11.0,0.0,0.0,6.0,5.0,0.0,1.0,0,0,,0.0,0.0,,,90,66.7,90.0,20,0,,10,0.85,25,37,-12,-0.6,0.1,0,0,0,1,1,0,0,1,0,0,GK,GK,alphonse areola,fr,FRA,eng,Premier League,1.0,90.0,3.8,1.85
139,Paul Argney,fr FRA,GK,Le Havre,fr Ligue 1,19.0,2006.0,1,1,90,1.0,0,0,0,0,0,0,0,0,0.0,1.0,1.0,3.0,2.0,66.7,1.0,0.0,0.0,0.0,0.0,0.0,0.0,0.0,0.0,0,0,,0.0,0.0,,,90,3.8,90.0,1,0,,2,3.0,2,1,1,1.0,1.52,0,0,0,0,0,0,0,0,0,0,GK,GK,paul argney,fr,FRA,fr,Ligue 1,1.0,90.0,2.0,1.0
163,Noah Atubolu,de GER,GK,Freiburg,de Bundesliga,23.0,2002.0,26,26,2340,26.0,0,0,0,0,0,0,0,0,0.0,43.0,1.65,117.0,75.0,63.2,9.0,7.0,10.0,5.0,19.2,1.0,0.0,1.0,0.0,0,0,,0.0,0.0,,,90,100.0,90.0,26,0,,0,1.31,37,43,-6,-0.23,,0,0,0,0,3,0,0,1,0,0,GK,GK,noah atubolu,de,GER,de,Bundesliga,1.0,90.0,2.8846153846153846,1.6538461538461537
165,Emil Audero,id IDN,GK,Cremonese,it Serie A,29.0,1997.0,25,25,2250,25.0,0,0,0,0,0,0,0,0,0.0,37.0,1.48,135.0,102.0,74.8,5.0,6.0,14.0,7.0,28.0,4.0,3.0,1.0,0.0,0,0,,0.0,0.0,,,90,86.2,90.0,25,0,,2,0.84,19,37,-18,-0.72,0.03,0,0,0,0,5,0,0,0,0,0,GK,GK,emil audero,id,IDN,it,Serie A,1.0,90.0,4.08,1.48
177,Mio Backhaus,de GER,GK,Werder Bremen,de Bundesliga,21.0,2004.0,24,24,2160,24.0,0,0,0,0,0,0,0,0,0.0,43.0,1.79,110.0,71.0,64.5,5.0,7.0,12.0,4.0,16.7,4.0,4.0,0.0,0.0,0,0,,0.0,0.0,,,90,92.3,90.0,24,0,,0,0.92,28,43,-15,-0.62,0.87,0,0,0,0,8,0,0,0,0,0,GK,GK,mio backhaus,de,GER,de,Bundesliga,1.0,90.0,2.9583333333333335,1.7916666666666667
229,Augusto Batalla,ar ARG,GK,Rayo Vallecano,es La Liga,29.0,1996.0,28,28,2520,28.0,0,0,0,0,0,0,4,0,0.0,34.0,1.21,104.0,75.0,72.1,7.0,11.0,10.0,8.0,28.6,5.0,5.0,0.0,0.0,0,0,,0.0,0.0,,,90,100.0,90.0,28,0,,0,1.14,28,34,-6,-0.21,,4,0,0,0,4,0,0,0,1,0,GK,GK,augusto batalla,ar,ARG,es,La Liga,1.0,90.0,2.6785714285714284,1.2142857142857142
232,Daniel Batz,de GER,GK,Mainz 05,de Bundesliga,35.0,1991.0,14,14,1260,14.0,0,0,0,0,0,0,1,0,0.0,18.0,1.29,67.0,50.0,74.6,5.0,6.0,3.0,3.0,21.4,1.0,1.0,0.0,0.0,0,0,,0.0,0.0,,,90,53.8,90.0,14,0,,3,1.5,20,18,2,0.14,1.14,1,0,0,0,0,0,0,0,0,0,GK,GK,daniel batz,de,GER,de,Bundesliga,1.0,90.0,3.5714285714285716,1.2857142857142858
234,Oliver Baumann,de GER,GK,Hoffenheim,de Bundesliga,35.0,1990.0,26,26,2340,26.0,0,0,0,0,0,0,1,0,0.0,34.0,1.31,106.0,76.0,71.7,15.0,5.0,6.0,6.0,23.1,5.0,4.0,0.0,1.0,0,0,,0.0,0.0,,,90,100.0,90.0,26,0,,0,1.92,54,34,20,0.77,,1,0,0,0,5,0,0,0,0,0,GK,GK,oliver baumann,de,GER,de,Bundesliga,1.0,90.0,2.923076923076923,1.3076923076923077
236,Altay Bayındır,tr TUR,GK,Manchester Utd,eng Premier League,27.0,1998.0,6,6,540,6.0,0,0,0,0,0,0,0,0,0.0,11.0,1.83,24.0,13.0,54.2,2.0,1.0,3.0,0.0,0.0,0.0,0.0,0.0,0.0,0,0,,0.0,0.0,,,90,20.0,90.0,6,0,,24,1.17,7,11,-4,-0.67,-1.37,0,0,0,0,3,0,0,0,0,0,GK,GK,altay bayndr,tr,TUR,eng,Premier League,1.0,90.0,2.1666666666666665,1.8333333333333333
270,Walter Benítez,ar ARG,GK,Crystal Palace,eng Premier League,33.0,1993.0,1,1,90,1.0,0,0,0,0,0,0,0,0,0.0,0.0,0.0,3.0,3.0,100.0,0.0,1.0,0.0,1.0,100.0,1.0,0.0,0.0,1.0,0,0,,0.0,0.0,,,90,3.3,90.0,1,0,,27,1.0,0,0,0,0.0,0.07,0,0,0,0,0,0,0,0,0,0,GK,GK,walter benitez,ar,ARG,eng,Premier League,1.0,90.0,3.0,0.0
281,Lucas Bergström,fi FIN,GK,Mallorca,es La Liga,23.0,2002.0,5,5,450,5.0,0,0,0,0,0,0,1,0,0.0,7.0,1.4,22.0,15.0,68.2,1.0,2.0,2.0,2.0,40.0,0.0,0.0,0.0,0.0,0,0,,0.0,0.0,,,90,17.9,90.0,5,0,,22,1.0,4,7,-3,-0.6,-0.21,1,0,0,0,0,0,0,0,0,0,GK,GK,lucas bergstrom,fi,FIN,es,La Liga,1.0,90.0,3.0,1.4
299,Justin Bijlow,nl NED,GK,Genoa,it Serie A,28.0,1998.0,8,8,720,8.0,0,0,0,0,0,0,0,0,0.0,11.0,1.37,28.0,21.0,75.0,4.0,1.0,3.0,3.0,37.5,4.0,4.0,0.0,0.0,0,0,,0.0,0.0,,,90,27.6,90.0,8,0,,0,1.63,14,11,3,0.37,0.71,0,0,0,0,1,0,0,0,0,0,GK,GK,justin bijlow,nl,NED,it,Serie A,1.0,90.0,2.625,1.375
307,Marco Bizot,nl NED,GK,Aston Villa,eng Premier League,35.0,1991.0,5,4,405,4.5,0,0,0,0,0,0,2,0,0.0,8.0,1.78,20.0,13.0,65.0,2.0,1.0,1.0,2.0,50.0,1.0,1.0,0.0,0.0,0,0,,0.0,0.0,,,81,15.0,90.0,4,1,45.0,24,1.6,7,8,-1,-0.22,-0.38,2,0,0,1,1,0,0,0,0,0,GK,GK,marco bizot,nl,NED,eng,Premier League,0.8,81.0,2.888888888888889,1.7777777777777777
310,Janis Blaswich,de GER,GK,Leverkusen,de Bundesliga,34.0,1991.0,10,9,841,9.3,0,0,0,0,0,0,0,0,0.0,8.0,0.86,41.0,33.0,80.5,4.0,4.0,1.0,3.0,33.3,0.0,0.0,0.0,0.0,0,0,,0.0,0.0,,,84,35.9,90.0,9,1,31.0,14,1.6,15,8,7,0.75,0.21,0,0,0,0,0,0,0,0,0,0,GK,GK,janis blaswich,de,GER,de,Bundesliga,0.9,84.1,3.548387096774193,0.8602150537634408
316,Arnaud Bodart,be BEL,GK,Lille,fr Ligue 1,28.0,1998.0,2,2,180,2.0,0,0,0,0,0,0,0,0,0.0,3.0,1.5,5.0,3.0,60.0,0.0,0.0,2.0,0.0,0.0,1.0,1.0,0.0,0.0,0,0,,0.0,0.0,,,90,7.7,90.0,2,0,,24,0.0,0,3,-3,-1.5,-1.92,0,0,0,1,0,0,0,0,0,0,GK,GK,arnaud bodart,be,BEL,fr,Ligue 1,1.0,90.0,1.5,1.5
396,Jean Butez,fr FRA,GK,Como,it Serie A,30.0,1995.0,29,29,2610,29.0,0,0,0,0,0,0,3,0,0.0,22.0,0.76,89.0,71.0,79.8,15.0,9.0,5.0,13.0,44.8,5.0,4.0,1.0,0.0,0,0,,0.0,0.0,,,90,100.0,90.0,29,0,,0,1.86,48,22,26,0.9,,3,0,0,0,8,0,0,0,1,0,GK,GK,jean butez,fr,FRA,it,Serie A,1.0,90.0,2.4482758620689653,0.7586206896551724
440,Elia Caprile,it ITA,GK,Cagliari,it Serie A,24.0,2001.0,29,29,2610,29.0,0,0,0,0,0,0,2,0,0.0,41.0,1.41,137.0,97.0,71.5,7.0,9.0,13.0,6.0,20.7,2.0,2.0,0.0,0.0,0,0,,0.0,0.0,,,90,100.0,90.0,29,0,,0,1.03,31,41,-10,-0.34,,2,0,0,0,8,0,0,0,0,0,GK,GK,elia caprile,it,ITA,it,Serie A,1.0,90.0,3.3448275862068964,1.4137931034482758
450,Patrik Carlgren,se SWE,GK,Nantes,fr Ligue 1,34.0,1992.0,2,1,92,1.0,0,0,0,0,0,0,0,0,0.0,2.0,1.96,5.0,3.0,60.0,0.0,1.0,0.0,0.0,0.0,0.0,0.0,0.0,0.0,0,0,,0.0,0.0,,,46,4.1,90.0,1,1,2.0,23,0.5,1,1,0,0.0,0.83,0,0,0,0,0,0,0,0,0,0,GK,GK,patrik carlgren,se,SWE,fr,Ligue 1,0.5,46.0,3.0,2.0
455,Marco Carnesecchi,it ITA,GK,Atalanta,it Serie A,25.0,2000.0,29,29,2610,29.0,0,0,0,0,0,0,0,0,0.0,27.0,0.93,110.0,85.0,76.4,12.0,11.0,6.0,10.0,34.5,3.0,1.0,2.0,0.0,0,0,,0.0,0.0,,,90,100.0,90.0,29,0,,0,1.62,40,27,13,0.45,,0,0,0,1,5,0,1,0,0,0,GK,GK,marco carnesecchi,it,ITA,it,Serie A,1.0,90.0,2.9310344827586206,0.9310344827586207
506,Lucas Chevalier,fr FRA,GK,Paris Saint-Germain,fr Ligue 1,24.0,2001.0,17,17,1530,17.0,0,0,0,0,0,0,0,0,0.0,13.0,0.76,43.0,32.0,72.1,12.0,3.0,2.0,9.0,52.9,3.0,1.0,1.0,1.0,0,0,,0.0,0.0,,,90,68.0,90.0,17,0,,7,2.29,33,13,20,1.18,-0.32,0,0,0,0,1,0,0,0,0,0,GK,GK,lucas chevalier,fr,FRA,fr,Ligue 1,1.0,90.0,1.8823529411764706,0.7647058823529411
552,Edoardo Corvi,it ITA,GK,Parma,it Serie A,24.0,2001.0,16,16,1440,16.0,0,0,0,0,0,0,1,0,0.0,18.0,1.13,59.0,43.0,74.6,7.0,4.0,5.0,6.0,37.5,3.0,3.0,0.0,0.0,0,0,,0.0,0.0,,,90,55.2,90.0,16,0,,13,1.56,13,18,-5,-0.31,0.46,1,0,0,0,5,0,0,0,0,0,GK,GK,edoardo corvi,it,ITA,it,Serie A,1.0,90.0,2.6875,1.125
557,Grégoire Coudert,fr FRA,GK,Brest,fr Ligue 1,26.0,1999.0,17,16,1472,16.4,0,0,0,0,0,0,0,0,0.0,21.0,1.28,69.0,50.0,71.0,9.0,2.0,5.0,6.0,37.5,2.0,1.0,1.0,0.0,0,0,,0.0,0.0,,,87,62.9,90.0,16,1,32.0,9,1.71,25,21,4,0.24,0.87,0,0,0,0,6,0,0,0,0,0,GK,GK,gregoire coudert,fr,FRA,fr,Ligue 1,0.9411764705882353,86.58823529411765,3.048780487804878,1.2804878048780488
567,Thibaut Courtois,be BEL,GK,Real Madrid,es La Liga,33.0,1992.0,28,28,2520,28.0,0,0,0,0,0,0,1,0,0.0,24.0,0.86,78.0,58.0,74.4,21.0,3.0,4.0,11.0,39.3,4.0,4.0,0.0,0.0,0,0,,0.0,0.0,,,90,100.0,90.0,28,0,,0,2.36,60,24,36,1.29,,1,0,0,1,2,0,0,0,1,0,GK,GK,thibaut courtois,be,BEL,es,La Liga,1.0,90.0,2.0714285714285716,0.8571428571428571
582,Pablo Cuñat,es ESP,GK,Levante,es La Liga,23.0,2002.0,2,2,180,2.0,0,0,0,0,0,0,0,0,0.0,5.0,2.5,16.0,11.0,68.8,0.0,0.0,2.0,0.0,0.0,0.0,0.0,0.0,0.0,0,0,,0.0,0.0,,,90,7.1,90.0,2,0,,26,0.0,3,5,-2,-1.0,-0.46,0,0,0,0,0,0,0,0,0,0,GK,GK,pablo cunat,es,ESP,es,La Liga,1.0,90.0,5.5,2.5
588,Finn Dahmen,de GER,GK,Augsburg,de Bundesliga,27.0,1998.0,26,26,2340,26.0,0,0,0,0,0,0,1,0,0.0,45.0,1.73,109.0,71.0,64.2,9.0,4.0,13.0,5.0,19.2,7.0,6.0,1.0,0.0,1,0,0.0,0.04,0.0,0.0,,90,100.0,90.0,26,0,,0,1.19,31,45,-14,-0.54,,1,0,0,0,4,0,0,0,0,0,GK,GK,finn dahmen,de,GER,de,Bundesliga,1.0,90.0,2.730769230769231,1.7307692307692308
603,Karl Darlow,wls WAL,GK,Leeds United,eng Premier League,35.0,1990.0,14,14,1260,14.0,0,0,0,0,0,0,1,0,0.0,19.0,1.36,51.0,34.0,66.7,3.0,5.0,6.0,2.0,14.3,2.0,2.0,0.0,0.0,0,0,,0.0,0.0,,,90,46.7,90.0,14,0,,15,1.0,14,19,-5,-0.36,0.02,1,0,0,0,5,0,0,0,0,0,GK,GK,karl darlow,wls,WAL,eng,Premier League,1.0,90.0,2.4285714285714284,1.3571428571428572
616,Jeffrey De Lange,nl NED,GK,Marseille,fr Ligue 1,27.0,1998.0,4,4,360,4.0,0,0,0,0,0,0,0,0,0.0,8.0,2.0,19.0,11.0,57.9,3.0,0.0,1.0,1.0,25.0,0.0,0.0,0.0,0.0,0,0,,0.0,0.0,,,90,15.4,90.0,4,0,,22,2.25,15,8,7,1.75,1.16,0,0,0,0,0,0,0,0,0,0,GK,GK,jeffrey de lange,nl,NED,fr,Ligue 1,1.0,90.0,2.75,2.0
618,Théo De Percin,mq MTQ,GK,Auxerre,fr Ligue 1,25.0,2001.0,3,2,226,2.5,0,0,0,0,0,0,0,0,0.0,4.0,1.59,11.0,7.0,63.6,0.0,0.0,2.0,0.0,0.0,0.0,0.0,0.0,0.0,0,0,,0.0,0.0,,,75,9.7,90.0,2,1,46.0,23,0.0,1,4,-3,-1.19,-0.6,0,0,0,0,1,0,0,0,0,0,GK,GK,theo de percin,mq,MTQ,fr,Ligue 1,0.6666666666666666,75.33333333333333,2.8,1.6
640,Rémy Descamps,fr FRA,GK,Lyon,fr Ligue 1,29.0,1996.0,5,5,450,5.0,0,0,0,0,0,0,0,0,0.0,3.0,0.6,17.0,14.0,82.4,3.0,1.0,1.0,4.0,80.0,0.0,0.0,0.0,0.0,0,0,,0.0,0.0,,,90,19.2,90.0,5,0,,16,2.0,6,3,3,0.6,0.12,0,0,0,0,0,0,0,0,0,1,GK,GK,remy descamps,fr,FRA,fr,Ligue 1,1.0,90.0,2.8,0.6
645,Michele Di Gregorio,it ITA,GK,Juventus,it Serie A,28.0,1997.0,23,23,2070,23.0,0,0,0,0,0,0,1,0,0.0,22.0,0.96,67.0,46.0,68.7,12.0,7.0,4.0,9.0,39.1,2.0,1.0,0.0,1.0,0,0,,0.0,0.0,,,90,79.3,90.0,23,0,,6,1.87,41,22,19,0.83,0.16,1,0,0,0,5,0,0,0,0,0,GK,GK,michele di gregorio,it,ITA,it,Serie A,1.0,90.0,2.0,0.9565217391304348
662,Mory Diaw,sn SEN,GK,Le Havre,fr Ligue 1,32.0,1993.0,22,22,1935,21.5,0,1,1,0,0,0,1,0,0.05,29.0,1.35,80.0,56.0,68.8,5.0,7.0,10.0,6.0,27.3,5.0,4.0,1.0,0.0,0,0,,0.0,0.0,,,88,82.7,88.0,21,0,,1,1.0,16,29,-13,-0.6,-0.83,1,0,0,0,4,0,0,2,0,0,GK,GK,mory diaw,sn,SEN,fr,Ligue 1,1.0,87.95454545454545,2.604651162790698,1.3488372093023255
676,Stole Dimitrievski,mk MKD,GK,Valencia,es La Liga,32.0,1993.0,10,10,900,10.0,0,0,0,0,0,0,0,0,0.0,12.0,1.2,33.0,24.0,72.7,5.0,1.0,4.0,3.0,30.0,3.0,3.0,0.0,0.0,0,0,,0.0,0.0,,,90,35.7,90.0,10,0,,15,1.6,13,12,1,0.1,0.82,0,0,0,0,2,0,0,0,0,0,GK,GK,stole dimitrievski,mk,MKD,es,La Liga,1.0,90.0,2.4,1.2
688,Yehvann Diouf,sn SEN,GK,Nice,fr Ligue 1,26.0,1999.0,18,18,1620,18.0,0,0,0,0,0,0,1,0,0.0,33.0,1.83,91.0,63.0,68.1,6.0,2.0,10.0,3.0,16.7,6.0,4.0,1.0,1.0,0,0,,0.0,0.0,,,90,69.2,90.0,18,0,,6,1.11,21,33,-12,-0.67,-0.17,1,0,0,0,3,0,0,0,0,0,GK,GK,yehvann diouf,sn,SEN,fr,Ligue 1,1.0,90.0,3.5,1.8333333333333333
691,Matías Dituro,ar ARG,GK,Elche,es La Liga,38.0,1987.0,12,12,1080,12.0,0,0,0,0,0,0,1,0,0.0,17.0,1.42,48.0,34.0,70.8,2.0,7.0,3.0,2.0,16.7,3.0,3.0,0.0,0.0,0,0,,0.0,0.0,,,90,42.9,90.0,12,0,,16,1.08,15,17,-2,-0.17,0.27,1,0,0,0,5,0,0,0,0,0,GK,GK,matias dituro,ar,ARG,es,La Liga,1.0,90.0,2.8333333333333335,1.4166666666666667
695,Marko Dmitrović,rs SRB,GK,Espanyol,es La Liga,34.0,1992.0,28,28,2520,28.0,0,0,0,0,0,0,0,0,0.0,42.0,1.5,131.0,94.0,71.8,10.0,7.0,11.0,7.0,25.0,5.0,5.0,0.0,0.0,0,0,,0.0,0.0,,,90,100.0,90.0,28,0,,0,1.32,35,42,-7,-0.25,,0,0,0,0,4,0,0,0,2,0,GK,GK,marko dmitrovic,rs,SRB,es,La Liga,1.0,90.0,3.357142857142857,1.5
710,Gianluigi Donnarumma,it ITA,GK,Manchester City,eng Premier League,27.0,1999.0,27,27,2430,27.0,0,0,0,0,0,0,6,0,0.0,24.0,0.89,86.0,61.0,72.1,17.0,7.0,3.0,11.0,40.7,1.0,0.0,1.0,0.0,0,0,,0.0,0.0,,,90,90.0,90.0,27,0,,0,2.15,55,24,31,1.15,0.81,6,0,0,0,3,0,0,1,0,0,GK,GK,gianluigi donnarumma,it,ITA,eng,Premier League,1.0,90.0,2.259259259259259,0.8888888888888888
729,Martin Dúbravka,sk SVK,GK,Burnley,eng Premier League,37.0,1989.0,30,30,2700,30.0,0,0,0,0,0,0,1,0,0.0,58.0,1.93,161.0,108.0,67.1,4.0,8.0,18.0,4.0,13.3,6.0,5.0,0.0,1.0,0,0,,0.0,0.0,,,90,100.0,90.0,30,0,,0,0.67,32,58,-26,-0.87,,1,0,0,0,5,0,0,0,1,0,GK,GK,martin dubravka,sk,SVK,eng,Premier League,1.0,90.0,3.6,1.9333333333333333
732,Maxime Dupé,fr FRA,GK,Nice,fr Ligue 1,33.0,1993.0,8,8,720,8.0,0,0,0,0,0,0,0,0,0.0,15.0,1.87,32.0,20.0,62.5,1.0,4.0,3.0,1.0,12.5,3.0,3.0,0.0,0.0,0,0,,0.0,0.0,,,90,30.8,90.0,8,0,,18,0.88,11,15,-4,-0.5,0.17,0,0,0,0,1,0,0,0,0,0,GK,GK,maxime dupe,fr,FRA,fr,Ligue 1,1.0,90.0,2.5,1.875
771,Melker Ellborg,se SWE,GK,Sunderland,eng Premier League,22.0,2003.0,2,2,180,2.0,0,0,0,0,0,0,0,0,0.0,1.0,0.5,8.0,7.0,87.5,1.0,0.0,1.0,1.0,50.0,0.0,0.0,0.0,0.0,0,0,,0.0,0.0,,,90,6.7,90.0,2,0,,4,1.5,1,1,0,0.0,0.18,0,0,0,0,0,0,0,0,0,0,GK,GK,melker ellborg,se,SWE,eng,Premier League,1.0,90.0,3.5,0.5
788,Aarón Escandell,es ESP,GK,Oviedo,es La Liga,30.0,1995.0,28,28,2520,28.0,0,0,0,0,0,0,2,0,0.0,44.0,1.57,158.0,120.0,74.7,4.0,9.0,15.0,7.0,25.0,6.0,4.0,2.0,0.0,0,0,,0.0,0.0,,,90,100.0,90.0,28,0,,0,0.75,18,44,-26,-0.93,,2,0,0,1,7,0,0,0,0,0,GK,GK,aaron escandell,es,ESP,es,La Liga,1.0,90.0,4.285714285714286,1.5714285714285714
815,Wladimiro Falcone,it ITA,GK,Lecce,it Serie A,30.0,1995.0,29,29,2610,29.0,0,0,0,0,0,0,2,0,0.0,39.0,1.34,114.0,81.0,69.3,7.0,6.0,16.0,8.0,27.6,6.0,4.0,2.0,0.0,0,0,,0.0,0.0,,,90,100.0,90.0,29,0,,0,0.93,21,39,-18,-0.62,,2,0,0,0,7,0,0,0,2,0,GK,GK,wladimiro falcone,it,ITA,it,Serie A,1.0,90.0,2.793103448275862,1.3448275862068966
823,Frank Feller,de GER,GK,Heidenheim,de Bundesliga,22.0,2004.0,1,1,90,1.0,0,0,0,0,0,0,0,0,0.0,2.0,2.0,6.0,4.0,66.7,0.0,0.0,1.0,0.0,0.0,0.0,0.0,0.0,0.0,0,0,,0.0,0.0,,,90,3.8,90.0,1,0,,10,0.0,0,2,-2,-2.0,-0.72,0,0,0,0,0,0,0,0,0,0,GK,GK,frank feller,de,GER,de,Bundesliga,1.0,90.0,4.0,2.0
844,Jonathan Fischer,dk DEN,GK,Metz,fr Ligue 1,24.0,2001.0,26,25,2264,25.2,0,0,0,0,0,0,0,0,0.0,56.0,2.23,137.0,88.0,63.5,3.0,4.0,18.0,4.0,16.0,7.0,6.0,1.0,0.0,0,0,,0.0,0.0,,,87,96.8,90.0,25,1,14.0,0,0.5,25,56,-31,-1.23,3.5,0,0,0,0,4,0,0,0,0,0,GK,GK,jonathan fischer,dk,DEN,fr,Ligue 1,0.9615384615384616,87.07692307692308,3.492063492063492,2.2222222222222223
846,Mark Flekken,nl NED,GK,Leverkusen,de Bundesliga,32.0,1993.0,17,17,1499,16.7,0,0,0,0,0,0,2,0,0.0,25.0,1.5,81.0,59.0,72.8,9.0,2.0,6.0,4.0,23.5,3.0,3.0,0.0,0.0,0,0,,0.0,0.0,,,88,64.1,88.0,16,0,,0,1.71,34,25,9,0.54,-0.21,2,0,0,0,3,0,0,0,0,0,GK,GK,mark flekken,nl,NED,de,Bundesliga,1.0,88.17647058823529,3.532934131736527,1.4970059880239521
911,Joan García,es ESP,GK,Barcelona,es La Liga,24.0,2001.0,22,22,1980,22.0,0,0,0,0,0,0,1,0,0.0,17.0,0.77,74.0,59.0,79.7,19.0,1.0,2.0,11.0,50.0,2.0,2.0,0.0,0.0,0,0,,0.0,0.0,,,90,78.6,90.0,22,0,,0,2.64,64,17,47,2.14,1.8,1,0,0,0,4,0,0,0,3,0,GK,GK,joan garcia,es,ESP,es,La Liga,1.0,90.0,2.6818181818181817,0.7727272727272727
924,Paulo Gazzaniga,ar ARG,GK,Girona,es La Liga,34.0,1992.0,25,25,2202,24.5,0,0,0,0,0,0,4,1,0.0,35.0,1.43,118.0,87.0,73.7,8.0,9.0,8.0,5.0,20.0,5.0,4.0,0.0,1.0,0,0,,0.0,0.0,,,88,87.4,88.0,24,0,,2,1.32,29,35,-6,-0.25,1.45,4,1,0,1,5,0,0,0,0,0,GK,GK,paulo gazzaniga,ar,ARG,es,La Liga,1.0,88.08,3.5510204081632653,1.4285714285714286
927,David de Gea,es ESP,GK,Fiorentina,it Serie A,35.0,1990.0,29,29,2610,29.0,0,0,0,0,0,0,0,0,0.0,43.0,1.48,121.0,84.0,68.6,6.0,10.0,13.0,5.0,17.2,6.0,5.0,1.0,0.0,0,0,,0.0,0.0,,,90,100.0,90.0,29,0,,0,0.97,34,43,-9,-0.31,,0,0,0,0,4,0,0,0,0,0,GK,GK,david de gea,es,ESP,it,Serie A,1.0,90.0,2.896551724137931,1.4827586206896552
993,Kamil Grabara,pl POL,GK,Wolfsburg,de Bundesliga,27.0,1999.0,26,26,2340,26.0,0,0,0,0,0,0,1,0,0.0,56.0,2.15,140.0,92.0,63.6,5.0,6.0,15.0,1.0,3.8,9.0,5.0,3.0,1.0,1,0,0.0,0.04,0.0,0.0,,90,100.0,90.0,26,0,,0,0.81,35,56,-21,-0.81,,1,0,0,0,1,0,0,0,1,0,GK,GK,kamil grabara,pl,POL,de,Bundesliga,1.0,90.0,3.5384615384615383,2.1538461538461537
1001,Dominik Greif,sk SVK,GK,Lyon,fr Ligue 1,28.0,1997.0,21,21,1890,21.0,0,1,1,0,0,0,1,0,0.05,24.0,1.14,74.0,53.0,68.9,11.0,4.0,6.0,9.0,42.9,3.0,1.0,2.0,0.0,0,0,,0.0,0.0,,,90,80.8,90.0,21,0,,4,1.76,34,24,10,0.48,-0.12,1,0,0,0,4,0,0,0,0,0,GK,GK,dominik greif,sk,SVK,fr,Ligue 1,1.0,90.0,2.5238095238095237,1.1428571428571428
1037,Péter Gulácsi,hu HUN,GK,RB Leipzig,de Bundesliga,35.0,1990.0,22,22,1918,21.3,0,0,0,0,0,0,1,0,0.0,28.0,1.31,78.0,51.0,66.7,12.0,4.0,6.0,9.0,40.9,2.0,2.0,0.0,0.0,0,0,,0.0,0.0,,,87,82.0,87.0,21,0,,0,1.82,40,28,12,0.56,0.35,1,0,0,0,0,0,0,0,0,0,GK,GK,peter gulacsi,hu,HUN,de,Bundesliga,1.0,87.18181818181819,2.3943661971830985,1.3145539906103285
1040,Angus Gunn,sct SCO,GK,Nottingham Forest,eng Premier League,30.0,1996.0,1,0,45,0.5,0,0,0,0,0,0,0,0,0.0,0.0,0.0,0.0,0.0,,0.0,0.0,0.0,0.0,,0.0,0.0,0.0,0.0,0,0,,0.0,0.0,,,45,1.7,,0,1,45.0,13,1.0,0,0,0,0.0,0.51,0,0,0,0,0,0,0,0,0,0,GK,GK,angus gunn,sct,SCO,eng,Premier League,0.0,45.0,0.0,0.0
1073,Kjetil Haug,no NOR,GK,Toulouse,fr Ligue 1,27.0,1998.0,1,0,31,0.3,0,0,0,0,0,0,0,0,0.0,1.0,2.9,2.0,1.0,50.0,0.0,0.0,0.0,0.0,,0.0,0.0,0.0,0.0,0,0,,0.0,0.0,,,31,1.3,,0,1,31.0,24,3.0,1,1,0,0.0,-0.19,0,0,0,0,0,0,0,0,0,0,GK,GK,kjetil haug,no,NOR,fr,Ligue 1,0.0,31.0,3.3333333333333335,3.3333333333333335
1082,Dean Henderson,eng ENG,GK,Crystal Palace,eng Premier League,29.0,1997.0,29,29,2610,29.0,0,0,0,0,0,0,3,0,0.0,35.0,1.21,115.0,84.0,73.0,10.0,8.0,11.0,10.0,34.5,5.0,4.0,1.0,0.0,0,0,,0.0,0.0,,,90,96.7,90.0,29,0,,0,1.31,33,35,-2,-0.07,-0.07,3,0,0,1,5,0,0,1,0,0,GK,GK,dean henderson,eng,ENG,eng,Premier League,1.0,90.0,2.896551724137931,1.206896551724138
1089,Mads Hermansen,dk DEN,GK,West Ham United,eng Premier League,25.0,2000.0,10,10,900,10.0,0,0,0,0,0,0,0,0,0.0,18.0,1.8,50.0,32.0,64.0,3.0,3.0,4.0,4.0,40.0,0.0,0.0,0.0,0.0,0,0,,0.0,0.0,,,90,33.3,90.0,10,0,,20,1.2,11,18,-7,-0.7,-0.1,0,0,0,0,1,0,0,0,0,0,GK,GK,mads hermansen,dk,DEN,eng,Premier League,1.0,90.0,3.2,1.8
1094,Sergio Herrera,es ESP,GK,Osasuna,es La Liga,32.0,1993.0,28,28,2520,28.0,0,0,0,0,0,0,3,0,0.0,35.0,1.25,124.0,96.0,77.4,9.0,7.0,12.0,6.0,21.4,7.0,7.0,0.0,0.0,0,0,,0.0,0.0,,,90,100.0,90.0,28,0,,0,1.21,33,35,-2,-0.07,,3,0,0,2,4,0,0,0,0,0,GK,GK,sergio herrera,es,ESP,es,La Liga,1.0,90.0,3.4285714285714284,1.25
1098,Daniel Heuer Fernandes,pt POR,GK,Hamburger SV,de Bundesliga,33.0,1992.0,26,26,2340,26.0,0,0,0,0,0,0,3,0,0.0,37.0,1.42,106.0,75.0,68.9,7.0,9.0,10.0,6.0,23.1,6.0,4.0,2.0,0.0,1,0,0.0,0.04,0.0,0.0,,90,100.0,90.0,26,0,,0,1.15,29,37,-8,-0.31,,3,0,0,0,4,0,0,0,0,0,GK,GK,daniel heuer fernandes,pt,POR,de,Bundesliga,1.0,90.0,2.8846153846153846,1.4230769230769231
1123,Lukáš Hrádecký,fi FIN,GK,Monaco,fr Ligue 1,36.0,1989.0,9,9,719,8.0,0,0,0,0,0,0,0,0,0.0,10.0,1.25,30.0,22.0,73.3,4.0,0.0,5.0,2.0,22.2,3.0,2.0,0.0,1.0,0,0,,0.0,0.0,,,80,30.7,80.0,7,0,,0,1.33,9,10,-1,-0.13,-0.62,0,0,0,0,0,0,0,0,1,0,GK,GK,lukas hradecky,fi,FIN,fr,Ligue 1,1.0,79.88888888888889,2.75,1.25
1171,Franco Israel,uy URU,GK,Torino,it Serie A,25.0,2000.0,9,9,810,9.0,0,0,0,0,0,0,1,0,0.0,18.0,2.0,40.0,24.0,60.0,2.0,2.0,5.0,3.0,33.3,2.0,2.0,0.0,0.0,0,0,,0.0,0.0,,,90,31.0,90.0,9,0,,16,0.89,9,18,-9,-1.0,-0.55,1,0,0,0,3,0,0,0,0,0,GK,GK,franco israel,uy,URU,it,Serie A,1.0,90.0,2.6666666666666665,2.0
1181,Karl Jakob Hein,ee EST,GK,Werder Bremen,de Bundesliga,23.0,2002.0,2,2,180,2.0,0,0,0,0,0,0,0,0,0.0,4.0,2.0,14.0,11.0,78.6,1.0,0.0,1.0,1.0,50.0,1.0,1.0,0.0,0.0,0,0,,0.0,0.0,,,90,7.7,90.0,2,0,,23,1.5,1,4,-3,-1.5,-0.87,0,0,0,0,0,0,0,0,0,0,GK,GK,karl jakob hein,ee,EST,de,Bundesliga,1.0,90.0,5.5,2.0
1211,John,br BRA,GK,Nottingham Forest,eng Premier League,30.0,1996.0,5,5,437,4.9,0,0,0,0,0,0,1,0,0.0,8.0,1.65,13.0,6.0,46.2,1.0,0.0,4.0,1.0,20.0,1.0,1.0,0.0,0.0,0,0,,0.0,0.0,,,87,16.2,87.0,4,0,,12,0.6,5,8,-3,-0.62,-0.14,1,0,0,0,0,0,0,0,0,0,GK,GK,john,br,BRA,eng,Premier League,1.0,87.4,1.2244897959183672,1.6326530612244896
1215,Karl-Johan Johnsson,se SWE,GK,Strasbourg,fr Ligue 1,36.0,1990.0,1,1,90,1.0,0,0,0,0,0,0,0,0,0.0,0.0,0.0,2.0,2.0,100.0,1.0,0.0,0.0,1.0,100.0,0.0,0.0,0.0,0.0,0,0,,0.0,0.0,,,90,3.8,90.0,1,0,,17,3.0,1,0,1,1.0,0.68,0,0,0,0,0,0,0,0,0,0,GK,GK,karl-johan johnsson,se,SWE,fr,Ligue 1,1.0,90.0,2.0,0.0
1216,Sam Johnstone,eng ENG,GK,Wolves,eng Premier League,32.0,1993.0,12,12,1080,12.0,0,0,0,0,0,0,0,0,0.0,24.0,2.0,62.0,39.0,62.9,0.0,2.0,10.0,0.0,0.0,1.0,1.0,0.0,0.0,0,0,,0.0,0.0,,,90,38.7,90.0,12,0,,18,0.17,6,24,-18,-1.5,-0.87,0,0,0,0,0,0,0,0,1,1,GK,GK,sam johnstone,eng,ENG,eng,Premier League,1.0,90.0,3.25,2.0
1227,Luiz Lúcio Reis Júnior,br BRA,GK,Villarreal,es La Liga,25.0,2001.0,25,25,2250,25.0,0,0,0,0,0,0,3,0,0.0,27.0,1.08,83.0,62.0,73.5,16.0,3.0,6.0,8.0,32.0,6.0,5.0,1.0,0.0,0,0,,0.0,0.0,,,90,89.3,90.0,25,0,,3,2.04,46,27,19,0.76,1.09,3,0,0,2,4,0,0,1,0,0,GK,GK,luiz lucio reis junior,br,BRA,es,La Liga,1.0,90.0,2.48,1.08
1234,Filip Jørgensen,dk DEN,GK,Chelsea,eng Premier League,23.0,2002.0,3,2,264,2.9,0,0,0,0,0,0,0,0,0.0,4.0,1.36,10.0,6.0,60.0,1.0,1.0,0.0,0.0,0.0,0.0,0.0,0.0,0.0,0,0,,0.0,0.0,,,88,9.8,90.0,2,1,84.0,21,1.33,6,4,2,0.68,0.09,0,0,0,0,0,0,0,1,0,0,GK,GK,filip jrgensen,dk,DEN,eng,Premier League,0.6666666666666666,88.0,2.0689655172413794,1.3793103448275863
1252,Bingourou Kamara,sn SEN,GK,Lorient,fr Ligue 1,29.0,1996.0,3,3,270,3.0,0,0,0,0,0,0,0,0,0.0,8.0,2.67,16.0,8.0,50.0,1.0,0.0,2.0,1.0,33.3,1.0,0.0,0.0,1.0,0,0,,0.0,0.0,,,90,11.5,90.0,3,0,,23,1.0,5,8,-3,-1.0,-1.0,0,0,0,0,1,0,0,0,0,0,GK,GK,bingourou kamara,sn,SEN,fr,Ligue 1,1.0,90.0,2.6666666666666665,2.6666666666666665
1282,Caoimhín Kelleher,ie IRL,GK,Brentford,eng Premier League,27.0,1998.0,29,29,2610,29.0,0,0,0,0,0,0,1,0,0.0,39.0,1.34,105.0,73.0,66.7,12.0,6.0,11.0,7.0,24.1,7.0,4.0,3.0,0.0,0,0,,0.0,0.0,,,90,96.7,90.0,29,0,,0,1.45,42,39,3,0.1,-0.9,1,0,0,2,6,0,0,1,0,0,GK,GK,caoimhin kelleher,ie,IRL,eng,Premier League,1.0,90.0,2.5172413793103448,1.3448275862068966
1307,Gregor Kobel,ch SUI,GK,Dortmund,de Bundesliga,28.0,1997.0,26,26,2340,26.0,0,0,0,0,0,0,2,0,0.0,26.0,1.0,89.0,66.0,74.2,17.0,7.0,2.0,12.0,46.2,3.0,3.0,0.0,0.0,0,0,,0.0,0.0,,,90,100.0,90.0,26,0,,0,2.23,55,26,29,1.12,,2,0,0,0,5,0,0,0,0,0,GK,GK,gregor kobel,ch,SUI,de,Bundesliga,1.0,90.0,2.5384615384615383,1.0
1310,Hervé Koffi,bf BFA,GK,Angers,fr Ligue 1,29.0,1996.0,23,23,2070,23.0,0,0,0,0,0,0,1,0,0.0,26.0,1.13,108.0,85.0,77.8,9.0,5.0,9.0,9.0,39.1,5.0,2.0,2.0,1.0,0,0,,0.0,0.0,,,90,88.5,90.0,23,0,,0,1.39,21,26,-5,-0.22,1.12,1,0,0,1,9,0,0,0,1,0,GK,GK,herve koffi,bf,BFA,fr,Ligue 1,1.0,90.0,3.6956521739130435,1.1304347826086956
1313,Philipp Köhn,ch SUI,GK,Monaco,fr Ligue 1,27.0,1998.0,19,17,1621,18.0,0,0,0,0,0,0,1,0,0.0,27.0,1.5,73.0,48.0,65.8,9.0,4.0,4.0,5.0,29.4,2.0,2.0,0.0,0.0,0,0,,0.0,0.0,,,85,69.3,90.0,17,2,46.0,7,1.79,36,27,9,0.5,0.62,1,0,0,0,3,0,0,1,0,0,GK,GK,philipp kohn,ch,SUI,fr,Ligue 1,0.8947368421052632,85.3157894736842,2.6666666666666665,1.5
1351,Vladyslav Krapyvtsov,ua UKR,GK,Girona,es La Liga,20.0,2005.0,2,1,136,1.5,0,0,0,0,0,0,0,0,0.0,6.0,3.97,9.0,4.0,44.4,0.0,0.0,1.0,0.0,0.0,1.0,1.0,0.0,0.0,0,0,,0.0,0.0,,,68,5.4,90.0,1,1,46.0,17,0.0,1,5,-4,-2.65,-2.35,0,0,0,0,1,0,0,0,0,0,GK,GK,vladyslav krapyvtsov,ua,UKR,es,La Liga,0.5,68.0,2.6666666666666665,4.0
1380,Senne Lammens,be BEL,GK,Manchester Utd,eng Premier League,23.0,2002.0,24,24,2160,24.0,0,0,0,0,0,0,0,0,0.0,30.0,1.25,81.0,54.0,66.7,13.0,8.0,3.0,5.0,20.8,3.0,3.0,0.0,0.0,0,0,,0.0,0.0,,,90,80.0,90.0,24,0,,3,1.96,47,30,17,0.71,1.37,0,0,0,0,2,0,0,0,1,0,GK,GK,senne lammens,be,BEL,eng,Premier League,1.0,90.0,2.25,1.25
1399,Nicola Leali,it ITA,GK,Genoa,it Serie A,33.0,1993.0,20,20,1712,19.0,0,0,0,0,0,0,2,1,0.0,26.0,1.37,79.0,55.0,69.6,4.0,8.0,8.0,4.0,20.0,2.0,2.0,0.0,0.0,0,0,,0.0,0.0,,,86,65.6,86.0,19,0,,8,1.0,21,25,-4,-0.21,-0.21,2,1,0,2,2,0,0,1,0,0,GK,GK,nicola leali,it,ITA,it,Serie A,1.0,85.6,2.8947368421052633,1.368421052631579
1415,Bernd Leno,de GER,GK,Fulham,eng Premier League,34.0,1992.0,30,30,2700,30.0,0,0,0,0,0,0,3,0,0.0,43.0,1.43,113.0,73.0,64.6,12.0,5.0,13.0,6.0,20.0,4.0,3.0,0.0,1.0,0,0,,0.0,0.0,,,90,100.0,90.0,30,0,,0,1.37,40,43,-3,-0.1,,3,0,0,0,4,0,0,1,1,1,GK,GK,bernd leno,de,GER,eng,Premier League,1.0,90.0,2.433333333333333,1.4333333333333333
1416,Donovan Léon,gf GUF,GK,Auxerre,fr Ligue 1,33.0,1992.0,24,24,2114,23.5,0,0,0,0,0,0,0,1,0.0,32.0,1.36,112.0,82.0,72.3,4.0,7.0,13.0,6.0,25.0,2.0,1.0,1.0,0.0,0,0,,0.0,0.0,,,88,90.3,88.0,23,0,,0,0.79,18,32,-14,-0.6,0.6,0,1,0,1,6,0,0,0,2,0,GK,GK,donovan leon,gf,GUF,fr,Ligue 1,1.0,88.08333333333333,3.4893617021276597,1.3617021276595744
1453,Anthony Lopes,pt POR,GK,Nantes,fr Ligue 1,35.0,1990.0,24,24,2158,24.0,0,0,0,0,0,0,3,0,0.0,40.0,1.67,112.0,75.0,67.0,4.0,4.0,16.0,4.0,16.7,3.0,3.0,0.0,0.0,1,0,0.0,0.04,0.0,0.0,,90,95.9,90.0,23,0,,0,0.67,21,41,-20,-0.83,-0.83,3,0,0,0,13,0,0,1,1,0,GK,GK,anthony lopes,pt,POR,fr,Ligue 1,1.0,89.91666666666667,3.125,1.6666666666666667
1464,Pau López,es ESP,GK,Real Betis,es La Liga,31.0,1994.0,8,8,720,8.0,0,0,0,0,0,0,1,0,0.0,9.0,1.13,33.0,25.0,72.7,4.0,2.0,2.0,2.0,25.0,1.0,0.0,1.0,0.0,0,0,,0.0,0.0,,,90,28.6,90.0,8,0,,14,1.75,12,9,3,0.37,0.13,1,0,0,0,2,0,0,0,0,0,GK,GK,pau lopez,es,ESP,es,La Liga,1.0,90.0,3.125,1.125
1516,Mike Maignan,fr FRA,GK,Milan,it Serie A,30.0,1995.0,28,28,2485,27.6,0,0,0,0,0,0,3,0,0.0,21.0,0.76,89.0,74.0,80.9,16.0,9.0,3.0,12.0,42.9,7.0,4.0,2.0,1.0,0,0,,0.0,0.0,,,89,95.2,89.0,27,0,,0,2.04,40,21,19,0.69,-2.19,3,0,0,0,6,0,0,1,0,0,GK,GK,mike maignan,fr,FRA,it,Serie A,1.0,88.75,2.681159420289855,0.7608695652173912
1521,Radosław Majecki,pl POL,GK,Brest,fr Ligue 1,26.0,1999.0,10,10,864,9.6,0,0,0,0,0,0,0,1,0.0,18.0,1.87,43.0,26.0,60.5,1.0,4.0,5.0,3.0,30.0,1.0,1.0,0.0,0.0,0,0,,0.0,0.0,,,86,36.9,86.0,9,0,,10,0.7,9,15,-6,-0.62,-0.87,0,1,0,1,1,0,0,0,0,0,GK,GK,radosaw majecki,pl,POL,fr,Ligue 1,1.0,86.4,2.7083333333333335,1.875
1538,Pape Mamadou Sy,sn SEN,GK,Metz,fr Ligue 1,28.0,1997.0,1,1,76,0.8,0,0,0,0,0,0,0,0,0.0,4.0,4.74,8.0,4.0,50.0,0.0,0.0,1.0,0.0,0.0,0.0,0.0,0.0,0.0,0,0,,0.0,0.0,,,76,3.2,76.0,0,0,,9,0.0,0,4,-4,-4.74,-3.5,0,0,0,0,1,0,0,0,0,0,GK,GK,pape mamadou sy,sn,SEN,fr,Ligue 1,1.0,76.0,5.0,5.0
1539,Giorgi Mamardashvili,ge GEO,GK,Liverpool,eng Premier League,25.0,2000.0,5,5,450,5.0,0,0,0,0,0,0,0,0,0.0,10.0,2.0,24.0,16.0,62.5,1.0,0.0,4.0,1.0,20.0,2.0,1.0,1.0,0.0,0,0,,0.0,0.0,,,90,16.7,90.0,5,0,,25,0.6,6,10,-4,-0.8,-1.32,0,0,0,1,1,0,0,0,0,0,GK,GK,giorgi mamardashvili,ge,GEO,eng,Premier League,1.0,90.0,3.2,2.0
1582,Emiliano Martínez,ar ARG,GK,Aston Villa,eng Premier League,33.0,1992.0,26,26,2295,25.5,0,0,0,0,0,0,2,0,0.0,29.0,1.14,103.0,75.0,71.8,13.0,5.0,8.0,7.0,26.9,1.0,0.0,1.0,0.0,0,0,,0.0,0.0,,,88,85.0,88.0,25,0,,0,1.69,33,29,4,0.16,0.38,2,0,0,0,15,0,0,0,0,0,GK,GK,emiliano martinez,ar,ARG,eng,Premier League,1.0,88.26923076923077,2.9411764705882355,1.1372549019607843
1584,Josep Martinez,es ESP,GK,Inter,it Serie A,27.0,1998.0,2,2,180,2.0,0,0,0,0,0,0,0,0,0.0,1.0,0.5,5.0,4.0,80.0,2.0,0.0,0.0,1.0,50.0,0.0,0.0,0.0,0.0,0,0,,0.0,0.0,,,90,6.9,90.0,2,0,,23,3.0,4,1,3,1.5,0.06,0,0,0,0,0,0,0,0,0,0,GK,GK,josep martinez,es,ESP,it,Serie A,1.0,90.0,2.0,0.5
1655,Alex Meret,it ITA,GK,Napoli,it Serie A,28.0,1997.0,9,9,810,9.0,0,1,1,0,0,0,1,0,0.11,12.0,1.33,27.0,17.0,63.0,7.0,0.0,2.0,2.0,22.2,2.0,2.0,0.0,0.0,0,0,,0.0,0.0,,,90,31.0,90.0,9,0,,8,2.33,16,12,4,0.44,-0.11,1,0,0,1,1,0,0,0,0,0,GK,GK,alex meret,it,ITA,it,Serie A,1.0,90.0,1.8888888888888888,1.3333333333333333
1674,Vanja Milinković-Savić,rs SRB,GK,Napoli,it Serie A,29.0,1997.0,20,20,1800,20.0,0,0,0,0,0,0,0,0,0.0,18.0,0.9,49.0,37.0,71.4,11.0,5.0,4.0,7.0,35.0,6.0,4.0,2.0,0.0,0,0,,0.0,0.0,,,90,69.0,90.0,20,0,,7,1.9,29,18,11,0.55,0.11,0,0,0,1,3,0,0,0,0,0,GK,GK,vanja milinkovic-savic,rs,SRB,it,Serie A,1.0,90.0,1.85,0.9
1711,Lorenzo Montipò,it ITA,GK,Hellas Verona,it Serie A,30.0,1996.0,26,26,2340,26.0,0,0,0,0,0,0,0,0,0.0,44.0,1.69,106.0,65.0,60.4,3.0,8.0,15.0,4.0,15.4,4.0,2.0,2.0,0.0,0,0,,0.0,0.0,,,90,89.7,90.0,26,0,,3,0.65,21,44,-23,-0.88,1.12,0,0,0,0,5,0,0,0,0,0,GK,GK,lorenzo montipo,it,ITA,it,Serie A,1.0,90.0,2.5,1.6923076923076923
1736,Edoardo Motta,it ITA,GK,Lazio,it Serie A,21.0,2005.0,2,2,180,2.0,0,0,0,0,0,0,1,0,0.0,1.0,0.5,7.0,6.0,85.7,2.0,0.0,0.0,1.0,50.0,0.0,0.0,0.0,0.0,0,0,,0.0,0.0,,,90,6.9,90.0,2,0,,5,3.0,3,1,2,1.0,1.04,1,0,0,0,0,0,0,0,0,0,GK,GK,edoardo motta,it,ITA,it,Serie A,1.0,90.0,3.0,0.5
1741,Lionel Mpasi,cd COD,GK,Le Havre,fr Ligue 1,31.0,1994.0,4,3,315,3.5,0,0,0,0,0,0,1,0,0.0,2.0,0.57,17.0,15.0,88.2,0.0,2.0,1.0,1.0,33.3,0.0,0.0,0.0,0.0,0,0,,0.0,0.0,,,79,13.5,90.0,3,1,45.0,21,1.25,2,2,0,0.0,0.53,1,0,0,0,1,0,0,0,0,0,GK,GK,lionel mpasi,cd,COD,fr,Ligue 1,0.75,78.75,4.285714285714286,0.5714285714285714
1758,Arijanet Muric,xk KVX,GK,Sassuolo,it Serie A,27.0,1998.0,28,28,2520,28.0,0,0,0,0,0,0,4,0,0.0,37.0,1.32,136.0,103.0,75.7,11.0,5.0,12.0,6.0,21.4,4.0,4.0,0.0,0.0,0,0,,0.0,0.0,,,90,96.6,90.0,28,0,,1,1.36,35,37,-2,-0.07,1.93,4,0,0,1,3,0,0,0,0,0,GK,GK,arijanet muric,xk,KVX,it,Serie A,1.0,90.0,3.6785714285714284,1.3214285714285714
1768,Juan Musso,ar ARG,GK,Atlético Madrid,es La Liga,31.0,1994.0,2,2,180,2.0,0,0,0,0,0,0,1,0,0.0,0.0,0.0,4.0,4.0,100.0,2.0,0.0,0.0,2.0,100.0,0.0,0.0,0.0,0.0,0,0,,0.0,0.0,,,90,7.1,90.0,2,0,,24,3.0,2,0,2,1.0,0.23,1,0,0,0,1,0,0,0,0,0,GK,GK,juan musso,ar,ARG,es,La Liga,1.0,90.0,2.0,0.0
1770,Yvon Mvogo,ch SUI,GK,Lorient,fr Ligue 1,31.0,1994.0,23,23,2070,23.0,0,0,0,0,0,0,0,0,0.0,32.0,1.39,80.0,52.0,65.0,8.0,10.0,5.0,4.0,17.4,5.0,4.0,0.0,1.0,0,0,,0.0,0.0,,,90,88.5,90.0,23,0,,0,1.48,32,32,0,0.0,1.0,0,0,0,0,4,0,0,1,1,0,GK,GK,yvon mvogo,ch,SUI,fr,Ligue 1,1.0,90.0,2.260869565217391,1.391304347826087
1811,Manuel Neuer,de GER,GK,Bayern Munich,de Bundesliga,39.0,1986.0,19,19,1620,18.0,0,0,0,0,0,0,0,0,0.0,17.0,0.94,42.0,26.0,61.9,16.0,3.0,0.0,6.0,31.6,1.0,1.0,0.0,0.0,0,0,,0.0,0.0,,,85,69.2,85.0,17,0,,3,2.68,70,17,53,2.94,1.07,0,0,0,0,2,0,0,0,0,0,GK,GK,manuel neuer,de,GER,de,Bundesliga,1.0,85.26315789473684,1.4444444444444444,0.9444444444444444
1832,Moritz Nicolas,de GER,GK,Gladbach,de Bundesliga,28.0,1997.0,26,26,2340,26.0,0,0,0,0,0,0,0,0,0.0,43.0,1.65,137.0,98.0,71.5,7.0,7.0,12.0,10.0,38.5,4.0,4.0,0.0,0.0,0,0,,0.0,0.0,,,90,100.0,90.0,26,0,,0,1.08,30,43,-13,-0.5,,0,0,0,0,2,0,0,0,1,0,GK,GK,moritz nicolas,de,GER,de,Bundesliga,1.0,90.0,3.769230769230769,1.6538461538461537
1839,Obed Nkambadio,fr FRA,GK,Paris FC,fr Ligue 1,23.0,2003.0,11,11,990,11.0,0,0,0,0,0,0,0,0,0.0,20.0,1.82,39.0,22.0,53.8,2.0,3.0,6.0,1.0,9.1,4.0,2.0,1.0,1.0,0,0,,0.0,0.0,,,90,42.3,90.0,11,0,,14,0.82,15,20,-5,-0.45,0.01,0,0,0,0,0,0,0,0,0,0,GK,GK,obed nkambadio,fr,FRA,fr,Ligue 1,1.0,90.0,2.0,1.8181818181818181
1853,Alexander Nübel,de GER,GK,Stuttgart,de Bundesliga,29.0,1996.0,26,26,2340,26.0,0,1,1,0,0,0,0,0,0.04,34.0,1.31,103.0,76.0,73.8,15.0,5.0,6.0,10.0,38.5,8.0,7.0,1.0,0.0,0,0,,0.0,0.0,,,90,100.0,90.0,26,0,,0,1.92,51,34,17,0.65,,0,0,0,0,7,0,0,1,0,0,GK,GK,alexander nubel,de,GER,de,Bundesliga,1.0,90.0,2.923076923076923,1.3076923076923077
1863,Ørjan Nyland,no NOR,GK,Sevilla,es La Liga,35.0,1990.0,4,4,360,4.0,0,0,0,0,0,0,1,0,0.0,7.0,1.75,15.0,9.0,60.0,1.0,1.0,2.0,1.0,25.0,1.0,1.0,0.0,0.0,0,0,,0.0,0.0,,,90,14.3,90.0,4,0,,23,1.0,7,7,0,0.0,0.42,1,0,0,0,0,0,0,0,0,0,GK,GK,rjan nyland,no,NOR,es,La Liga,1.0,90.0,2.25,1.75
1875,Jan Oblak,si SVN,GK,Atlético Madrid,es La Liga,33.0,1993.0,26,26,2340,26.0,0,0,0,0,0,0,0,0,0.0,25.0,0.96,82.0,58.0,70.7,15.0,6.0,5.0,10.0,38.5,2.0,1.0,0.0,1.0,0,0,,0.0,0.0,,,90,92.9,90.0,26,0,,0,1.96,45,25,20,0.77,-0.23,0,0,0,0,4,0,0,0,0,0,GK,GK,jan oblak,si,SVN,es,La Liga,1.0,90.0,2.230769230769231,0.9615384615384616
1890,Maduka Okoye,ng NGA,GK,Udinese,it Serie A,26.0,1999.0,21,21,1806,20.1,0,0,0,0,0,0,1,1,0.0,31.0,1.54,82.0,57.0,68.3,8.0,3.0,10.0,5.0,23.8,6.0,5.0,1.0,0.0,0,0,,0.0,0.0,,,86,69.2,86.0,20,0,,1,1.29,25,26,-1,-0.05,0.85,1,1,0,2,3,0,0,0,0,0,GK,GK,maduka okoye,ng,NGA,it,Serie A,1.0,86.0,2.835820895522388,1.5422885572139302
1915,Stefan Ortega,de GER,GK,Nottingham Forest,eng Premier League,33.0,1992.0,3,3,270,3.0,0,0,0,0,0,0,0,0,0.0,4.0,1.33,12.0,8.0,66.7,0.0,1.0,2.0,1.0,33.3,0.0,0.0,0.0,0.0,0,0,,0.0,0.0,,,90,10.0,90.0,3,0,,0,0.33,1,4,-3,-1.0,-0.56,0,0,0,0,0,0,0,0,0,0,GK,GK,stefan ortega,de,GER,eng,Premier League,1.0,90.0,2.6666666666666665,1.3333333333333333
1934,Berke Özer,tr TUR,GK,Lille,fr Ligue 1,25.0,2000.0,24,24,2160,24.0,0,1,1,0,0,0,3,0,0.04,30.0,1.25,87.0,58.0,66.7,13.0,5.0,6.0,8.0,33.3,2.0,1.0,1.0,0.0,0,0,,0.0,0.0,,,90,92.3,90.0,24,0,,0,1.83,40,30,10,0.42,1.92,3,0,0,0,10,0,0,0,1,0,GK,GK,berke ozer,tr,TUR,fr,Ligue 1,1.0,90.0,2.4166666666666665,1.25
1940,Daniele Padelli,it ITA,GK,Udinese,it Serie A,40.0,1985.0,2,2,180,2.0,0,0,0,0,0,0,0,0,0.0,2.0,1.0,4.0,3.0,75.0,0.0,1.0,1.0,0.0,0.0,1.0,1.0,0.0,0.0,0,0,,0.0,0.0,,,90,6.9,90.0,2,0,,24,0.5,1,2,-1,-0.5,-0.2,0,0,0,0,0,0,0,0,0,0,GK,GK,daniele padelli,it,ITA,it,Serie A,1.0,90.0,1.5,1.0
1947,Alberto Paleari,it ITA,GK,Torino,it Serie A,33.0,1992.0,20,20,1800,20.0,0,0,0,0,0,0,1,0,0.0,32.0,1.6,84.0,54.0,64.3,7.0,4.0,9.0,7.0,35.0,2.0,2.0,0.0,0.0,0,0,,0.0,0.0,,,90,69.0,90.0,20,0,,9,1.25,23,32,-9,-0.45,0.55,1,0,0,0,5,0,0,0,0,0,GK,GK,alberto paleari,it,ITA,it,Serie A,1.0,90.0,2.7,1.6
1988,Iñaki Peña,es ESP,GK,Elche,es La Liga,27.0,1999.0,16,16,1440,16.0,0,0,0,0,0,0,0,0,0.0,28.0,1.75,81.0,55.0,67.9,3.0,4.0,9.0,4.0,25.0,2.0,2.0,0.0,0.0,0,0,,0.0,0.0,,,90,57.1,90.0,16,0,,10,0.81,21,28,-7,-0.44,-0.27,0,0,0,0,1,0,0,0,0,0,GK,GK,inaki pena,es,ESP,es,La Liga,1.0,90.0,3.4375,1.75
1989,Mike Penders,be BEL,GK,Strasbourg,fr Ligue 1,20.0,2005.0,25,25,2250,25.0,0,0,0,0,0,0,3,0,0.0,31.0,1.24,98.0,71.0,71.4,9.0,7.0,9.0,8.0,32.0,4.0,3.0,1.0,0.0,0,0,,0.0,0.0,,,90,96.2,90.0,25,0,,0,1.36,39,31,8,0.32,-0.68,3,0,0,1,1,0,0,0,0,0,GK,GK,mike penders,be,BEL,fr,Ligue 1,1.0,90.0,2.84,1.24
2001,Simone Perilli,it ITA,GK,Hellas Verona,it Serie A,31.0,1995.0,3,3,270,3.0,0,0,0,0,0,0,0,0,0.0,7.0,2.33,15.0,8.0,53.3,0.0,1.0,2.0,1.0,33.3,0.0,0.0,0.0,0.0,0,0,,0.0,0.0,,,90,10.3,90.0,3,0,,26,0.33,1,7,-6,-2.0,-1.12,0,0,0,0,0,0,0,0,0,0,GK,GK,simone perilli,it,ITA,it,Serie A,1.0,90.0,2.6666666666666665,2.3333333333333335
2002,Mattia Perin,it ITA,GK,Juventus,it Serie A,33.0,1992.0,6,6,540,6.0,0,0,0,0,0,0,0,0,0.0,6.0,1.0,16.0,10.0,62.5,3.0,1.0,2.0,2.0,33.3,0.0,0.0,0.0,0.0,0,0,,0.0,0.0,,,90,20.7,90.0,6,0,,21,1.67,10,6,4,0.67,-0.16,0,0,0,0,1,0,0,0,0,0,GK,GK,mattia perin,it,ITA,it,Serie A,1.0,90.0,1.6666666666666667,1.0
2004,Lucas Perri,br BRA,GK,Leeds United,eng Premier League,28.0,1997.0,16,16,1440,16.0,0,0,0,0,0,0,2,0,0.0,29.0,1.81,63.0,38.0,60.3,4.0,6.0,6.0,3.0,18.8,4.0,4.0,0.0,0.0,0,0,,0.0,0.0,,,90,53.3,90.0,16,0,,10,1.13,23,29,-6,-0.37,-0.02,2,0,0,1,3,0,0,0,0,0,GK,GK,lucas perri,br,BRA,eng,Premier League,1.0,90.0,2.375,1.8125
2007,Massimo Pessina,it ITA,GK,Bologna,it Serie A,18.0,2007.0,1,0,83,0.9,0,0,0,0,0,0,0,0,0.0,0.0,0.0,1.0,1.0,100.0,0.0,0.0,0.0,1.0,,0.0,0.0,0.0,0.0,0,0,,0.0,0.0,,,83,3.2,,0,1,83.0,27,3.0,2,0,2,2.17,2.1,0,0,0,0,0,0,0,0,0,0,GK,GK,massimo pessina,it,ITA,it,Serie A,0.0,83.0,1.1111111111111112,0.0
2010,Đorđe Petrović,rs SRB,GK,Bournemouth,eng Premier League,26.0,1999.0,30,30,2700,30.0,0,0,0,0,0,0,2,0,0.0,46.0,1.53,132.0,90.0,68.2,9.0,14.0,7.0,9.0,30.0,4.0,4.0,0.0,0.0,0,0,,0.0,0.0,,,90,100.0,90.0,30,0,,0,1.37,44,46,-2,-0.07,,2,0,0,0,2,0,0,0,0,1,GK,GK,ore petrovic,rs,SRB,eng,Premier League,1.0,90.0,3.0,1.5333333333333334
2017,Jordan Pickford,eng ENG,GK,Everton,eng Premier League,32.0,1994.0,30,30,2700,30.0,0,0,0,0,0,0,2,0,0.0,35.0,1.17,113.0,81.0,70.8,12.0,7.0,11.0,10.0,33.3,3.0,2.0,1.0,0.0,0,0,,0.0,0.0,,,90,100.0,90.0,30,0,,0,1.43,34,35,-1,-0.03,,2,0,0,0,6,0,0,0,1,0,GK,GK,jordan pickford,eng,ENG,eng,Premier League,1.0,90.0,2.7,1.1666666666666667
2037,Oumar Pona,fr FRA,GK,Angers,fr Ligue 1,19.0,2006.0,1,1,90,1.0,0,0,0,0,0,0,1,0,0.0,2.0,2.0,4.0,2.0,50.0,0.0,0.0,1.0,0.0,0.0,0.0,0.0,0.0,0.0,0,0,,0.0,0.0,,,90,3.8,90.0,1,0,,10,0.0,0,2,-2,-2.0,-1.72,1,0,0,0,2,0,0,0,0,0,GK,GK,oumar pona,fr,FRA,fr,Ligue 1,1.0,90.0,2.0,2.0
2039,Nick Pope,eng ENG,GK,Newcastle United,eng Premier League,33.0,1992.0,22,22,1966,21.8,0,0,0,0,0,0,1,0,0.0,32.0,1.46,97.0,67.0,69.1,8.0,4.0,10.0,7.0,31.8,2.0,2.0,0.0,0.0,1,1,100.0,0.05,0.05,0.0,0.0,89,72.8,89.0,21,0,,3,1.27,30,32,-2,-0.09,-0.34,1,0,0,0,2,0,0,0,1,0,GK,GK,nick pope,eng,ENG,eng,Premier League,1.0,89.36363636363636,3.073394495412844,1.4678899082568806
2053,Ivan Provedel,it ITA,GK,Lazio,it Serie A,32.0,1994.0,27,27,2430,27.0,0,0,0,0,0,0,1,0,0.0,27.0,1.0,112.0,87.0,78.6,8.0,10.0,9.0,12.0,44.4,4.0,3.0,1.0,0.0,0,0,,0.0,0.0,,,90,93.1,90.0,27,0,,0,1.26,26,27,-1,-0.04,-1.04,1,0,0,0,2,0,0,0,0,0,GK,GK,ivan provedel,it,ITA,it,Serie A,1.0,90.0,3.2222222222222223,1.0
2062,Matheo Raab,de GER,GK,Union Berlin,de Bundesliga,27.0,1998.0,1,1,90,1.0,0,0,0,0,0,0,0,0,0.0,0.0,0.0,6.0,6.0,100.0,1.0,0.0,0.0,1.0,100.0,0.0,0.0,0.0,0.0,0,0,,0.0,0.0,,,90,3.8,90.0,1,0,,24,3.0,1,0,1,1.0,1.48,0,0,0,0,0,0,0,0,0,0,GK,GK,matheo raab,de,GER,de,Bundesliga,1.0,90.0,6.0,0.0
2067,Ionuț Radu,ro ROU,GK,Celta Vigo,es La Liga,28.0,1997.0,28,28,2520,28.0,0,0,0,0,0,0,0,0,0.0,31.0,1.11,106.0,80.0,73.6,10.0,11.0,7.0,8.0,28.6,8.0,3.0,2.0,3.0,0,0,,0.0,0.0,,,90,100.0,90.0,28,0,,0,1.46,38,31,7,0.25,,0,0,0,0,7,0,0,0,0,0,GK,GK,ionut radu,ro,ROU,es,La Liga,1.0,90.0,2.857142857142857,1.1071428571428572
2072,Diant Ramaj,de GER,GK,Heidenheim,de Bundesliga,24.0,2001.0,25,25,2250,25.0,0,0,0,0,0,0,1,0,0.0,56.0,2.24,135.0,84.0,62.2,3.0,5.0,17.0,0.0,0.0,6.0,5.0,0.0,1.0,0,0,,0.0,0.0,,,90,96.2,90.0,25,0,,0,0.56,24,56,-32,-1.28,0.72,1,0,0,2,2,0,0,0,0,0,GK,GK,diant ramaj,de,GER,de,Bundesliga,1.0,90.0,3.36,2.24
2077,Aaron Ramsdale,eng ENG,GK,Newcastle United,eng Premier League,27.0,1998.0,9,8,734,8.2,0,0,0,0,0,0,1,0,0.0,11.0,1.35,25.0,16.0,64.0,4.0,2.0,2.0,1.0,12.5,2.0,2.0,0.0,0.0,0,0,,0.0,0.0,,,82,27.2,90.0,8,1,14.0,21,1.56,13,11,2,0.25,0.34,1,0,0,0,0,0,0,0,0,0,GK,GK,aaron ramsdale,eng,ENG,eng,Premier League,0.8888888888888888,81.55555555555556,1.9512195121951221,1.3414634146341464
2091,Federico Ravaglia,it ITA,GK,Bologna,it Serie A,26.0,1999.0,13,12,1110,12.3,0,0,0,0,0,0,3,0,0.0,22.0,1.78,66.0,45.0,68.2,3.0,3.0,6.0,2.0,16.7,1.0,1.0,0.0,0.0,0,0,,0.0,0.0,,,85,42.5,90.0,12,1,30.0,15,0.92,14,22,-8,-0.65,-1.37,3,0,0,1,3,0,0,0,1,0,GK,GK,federico ravaglia,it,ITA,it,Serie A,0.9230769230769231,85.38461538461539,3.6585365853658534,1.7886178861788617
2092,David Raya,es ESP,GK,Arsenal,eng Premier League,30.0,1995.0,31,31,2790,31.0,0,0,0,0,0,0,1,0,0.0,22.0,0.71,72.0,49.0,69.4,21.0,7.0,3.0,15.0,48.4,0.0,0.0,0.0,0.0,0,0,,0.0,0.0,,,90,100.0,90.0,31,0,,0,2.26,61,22,39,1.26,,1,0,0,0,9,0,1,1,1,0,GK,GK,david raya,es,ESP,eng,Premier League,1.0,90.0,1.5806451612903225,0.7096774193548387
2103,Álex Remiro,es ESP,GK,Real Sociedad,es La Liga,30.0,1995.0,28,28,2520,28.0,0,0,0,0,0,0,0,0,0.0,42.0,1.5,105.0,68.0,64.8,10.0,8.0,10.0,2.0,7.1,5.0,5.0,0.0,0.0,0,0,,0.0,0.0,,,90,100.0,90.0,28,0,,0,1.36,43,42,1,0.04,,0,0,0,0,4,0,0,1,1,1,GK,GK,alex remiro,es,ESP,es,La Liga,1.0,90.0,2.4285714285714284,1.5
2105,Guillaume Restes,fr FRA,GK,Toulouse,fr Ligue 1,21.0,2005.0,26,26,2309,25.7,0,0,0,0,0,0,3,0,0.0,31.0,1.21,83.0,56.0,67.5,9.0,7.0,10.0,8.0,30.8,4.0,4.0,0.0,0.0,0,0,,0.0,0.0,,,89,98.7,89.0,25,0,,0,1.31,36,31,5,0.19,0.19,3,0,0,0,8,0,0,1,0,0,GK,GK,guillaume restes,fr,FRA,fr,Ligue 1,1.0,88.8076923076923,2.1789883268482493,1.206225680933852
2121,Lasse Rieß,de GER,GK,Mainz 05,de Bundesliga,24.0,2001.0,4,3,292,3.2,0,0,0,0,0,0,0,0,0.0,12.0,3.7,26.0,15.0,57.7,0.0,0.0,3.0,0.0,0.0,1.0,1.0,0.0,0.0,0,0,,0.0,0.0,,,73,12.5,90.0,3,1,22.0,22,0.0,3,12,-9,-2.77,-2.73,0,0,0,0,1,0,0,0,0,0,GK,GK,lasse rie,de,GER,de,Bundesliga,0.75,73.0,4.6875,3.75
2123,Filippo Rinaldi,it ITA,GK,Parma,it Serie A,23.0,2002.0,1,1,90,1.0,0,0,0,0,0,0,1,0,0.0,0.0,0.0,4.0,4.0,100.0,0.0,1.0,0.0,1.0,100.0,0.0,0.0,0.0,0.0,0,0,,0.0,0.0,,,90,3.4,90.0,1,0,,28,1.0,0,0,0,0.0,0.54,1,0,0,0,0,0,0,0,0,0,GK,GK,filippo rinaldi,it,ITA,it,Serie A,1.0,90.0,4.0,0.0
2127,Robin Risser,fr FRA,GK,Lens,fr Ligue 1,21.0,2004.0,26,26,2340,26.0,0,1,1,0,0,0,2,0,0.04,23.0,0.88,82.0,63.0,74.4,18.0,2.0,6.0,10.0,38.5,5.0,2.0,2.0,1.0,0,0,,0.0,0.0,,,90,100.0,90.0,26,0,,0,2.15,49,23,26,1.0,,2,0,0,0,4,0,0,0,0,0,GK,GK,robin risser,fr,FRA,fr,Ligue 1,1.0,90.0,2.423076923076923,0.8846153846153846
2150,Robin Roefs,nl NED,GK,Sunderland,eng Premier League,23.0,2003.0,28,28,2520,28.0,0,0,0,0,0,0,3,0,0.0,34.0,1.21,115.0,84.0,72.2,9.0,10.0,9.0,8.0,28.6,3.0,2.0,1.0,0.0,0,0,,0.0,0.0,,,90,93.3,90.0,28,0,,0,1.32,29,34,-5,-0.18,-0.18,3,0,0,0,11,0,0,0,0,0,GK,GK,robin roefs,nl,NED,eng,Premier League,1.0,90.0,3.0,1.2142857142857142
2156,Leo Román,es ESP,GK,Mallorca,es La Liga,25.0,2000.0,23,23,2070,23.0,0,0,0,0,0,0,3,0,0.0,38.0,1.65,110.0,78.0,70.0,6.0,5.0,12.0,1.0,4.3,6.0,5.0,1.0,0.0,0,0,,0.0,0.0,,,90,82.1,90.0,23,0,,0,1.0,29,38,-9,-0.39,0.21,3,0,0,1,1,0,0,1,1,0,GK,GK,leo roman,es,ESP,es,La Liga,1.0,90.0,3.391304347826087,1.6521739130434783
2188,Gerónimo Rulli,ar ARG,GK,Marseille,fr Ligue 1,33.0,1992.0,22,22,1980,22.0,0,0,0,0,0,0,2,0,0.0,25.0,1.14,83.0,62.0,74.7,12.0,4.0,6.0,7.0,31.8,4.0,4.0,0.0,0.0,0,0,,0.0,0.0,,,90,84.6,90.0,22,0,,3,1.87,43,26,17,0.77,0.02,2,0,0,1,13,0,0,0,0,0,GK,GK,geronimo rulli,ar,ARG,fr,Ligue 1,1.0,90.0,2.8181818181818183,1.1363636363636365
2191,Mathew Ryan,au AUS,GK,Levante,es La Liga,33.0,1992.0,26,26,2340,26.0,0,0,0,0,0,0,2,0,0.0,41.0,1.58,137.0,99.0,71.5,5.0,8.0,13.0,5.0,19.2,3.0,2.0,1.0,0.0,2,0,0.0,0.08,0.0,0.0,,90,92.9,90.0,26,0,,0,0.88,27,41,-14,-0.54,0.46,2,0,0,0,0,0,0,1,1,0,GK,GK,mathew ryan,au,AUS,es,La Liga,1.0,90.0,3.8076923076923075,1.5769230769230769
2193,Frederik Rønnow,dk DEN,GK,Union Berlin,de Bundesliga,33.0,1992.0,25,25,2250,25.0,0,0,0,0,0,0,2,0,0.0,42.0,1.68,103.0,65.0,65.0,7.0,7.0,11.0,5.0,20.0,6.0,6.0,0.0,0.0,0,0,,0.0,0.0,,,90,96.2,90.0,25,0,,0,1.12,30,42,-12,-0.48,-1.48,2,0,0,1,3,0,0,1,1,0,GK,GK,frederik rnnow,dk,DEN,de,Bundesliga,1.0,90.0,2.6,1.68
2195,José Sá,pt POR,GK,Wolves,eng Premier League,33.0,1993.0,19,19,1710,19.0,0,0,0,0,0,0,2,0,0.0,30.0,1.58,78.0,50.0,64.1,3.0,6.0,10.0,4.0,21.1,2.0,2.0,0.0,0.0,0,0,,0.0,0.0,,,90,61.3,90.0,19,0,,11,0.79,18,30,-12,-0.63,0.87,2,0,0,0,6,0,0,0,0,0,GK,GK,jose sa,pt,POR,eng,Premier League,1.0,90.0,2.6315789473684212,1.5789473684210527
2204,Matvei Safonov,ru RUS,GK,Paris Saint-Germain,fr Ligue 1,27.0,1999.0,8,8,720,8.0,0,0,0,0,0,0,0,0,0.0,9.0,1.13,24.0,16.0,62.5,6.0,0.0,2.0,4.0,50.0,1.0,0.0,1.0,0.0,0,0,,0.0,0.0,,,90,32.0,90.0,8,0,,14,2.25,21,9,12,1.5,0.32,0,0,0,0,1,0,0,0,0,0,GK,GK,matvei safonov,ru,RUS,fr,Ligue 1,1.0,90.0,2.0,1.125
2223,Brice Samba,fr FRA,GK,Rennes,fr Ligue 1,31.0,1994.0,25,25,2250,25.0,0,0,0,0,0,0,3,0,0.0,34.0,1.36,99.0,68.0,68.7,12.0,7.0,6.0,8.0,32.0,4.0,3.0,1.0,0.0,0,0,,0.0,0.0,,,90,96.2,90.0,25,0,,0,1.72,42,34,8,0.32,2.32,3,0,0,0,5,0,0,0,0,0,GK,GK,brice samba,fr,FRA,fr,Ligue 1,1.0,90.0,2.72,1.36
2233,Robert Sánchez,es ESP,GK,Chelsea,eng Premier League,28.0,1997.0,28,28,2434,27.0,0,1,1,0,0,0,3,1,0.04,33.0,1.22,107.0,74.0,70.1,12.0,8.0,8.0,9.0,32.1,1.0,1.0,0.0,0.0,0,0,,0.0,0.0,,,87,90.1,87.0,27,0,,1,1.57,47,31,16,0.59,-0.09,3,1,0,2,10,0,0,1,0,0,GK,GK,robert sanchez,es,ESP,eng,Premier League,1.0,86.92857142857143,2.740740740740741,1.2222222222222223
2254,Kauã Santos,br BRA,GK,Eintracht Frankfurt,de Bundesliga,22.0,2003.0,13,13,1084,12.0,0,0,0,0,0,0,0,0,0.0,32.0,2.66,68.0,37.0,54.4,3.0,4.0,6.0,2.0,15.4,1.0,1.0,0.0,0.0,0,0,,0.0,0.0,,,83,46.3,83.0,12,0,,9,1.0,27,32,-5,-0.42,-0.77,0,0,0,0,3,0,0,0,1,0,GK,GK,kaua santos,br,BRA,de,Bundesliga,1.0,83.38461538461539,3.0833333333333335,2.6666666666666665
2268,Razvan Sava,ro ROU,GK,Udinese,it Serie A,23.0,2002.0,7,6,620,6.9,0,0,0,0,0,0,1,0,0.0,14.0,2.03,28.0,14.0,50.0,2.0,2.0,2.0,1.0,16.7,0.0,0.0,0.0,0.0,0,0,,0.0,0.0,,,89,23.8,90.0,6,1,80.0,18,1.14,7,14,-7,-1.02,-0.93,1,0,0,0,0,0,0,0,0,0,GK,GK,razvan sava,ro,ROU,it,Serie A,0.8571428571428571,88.57142857142857,2.0289855072463765,2.0289855072463765
2292,Marvin Schwäbe,de GER,GK,Köln,de Bundesliga,30.0,1995.0,26,26,2340,26.0,0,0,0,0,0,0,0,0,0.0,44.0,1.69,115.0,76.0,64.3,6.0,7.0,13.0,3.0,11.5,5.0,3.0,2.0,0.0,0,0,,0.0,0.0,,,90,100.0,90.0,26,0,,0,0.96,35,44,-9,-0.35,,0,0,0,1,2,0,0,2,1,0,GK,GK,marvin schwabe,de,GER,de,Bundesliga,1.0,90.0,2.923076923076923,1.6923076923076923
2295,Simone Scuffet,it ITA,GK,Pisa,it Serie A,29.0,1996.0,7,7,630,7.0,0,0,0,0,0,0,0,0,0.0,15.0,2.14,26.0,14.0,53.8,0.0,3.0,4.0,1.0,14.3,3.0,3.0,0.0,0.0,0,0,,0.0,0.0,,,90,24.1,90.0,7,0,,17,0.43,6,15,-9,-1.29,-0.51,0,0,0,0,4,0,0,0,0,0,GK,GK,simone scuffet,it,ITA,it,Serie A,1.0,90.0,2.0,2.142857142857143
2302,Matz Sels,be BEL,GK,Nottingham Forest,eng Premier League,34.0,1992.0,23,22,1948,21.6,0,0,0,0,0,0,2,0,0.0,31.0,1.43,90.0,63.0,70.0,6.0,7.0,9.0,5.0,22.7,4.0,4.0,0.0,0.0,0,0,,0.0,0.0,,,85,72.1,88.0,21,1,13.0,3,1.09,22,31,-9,-0.42,0.3,2,0,0,0,3,0,0,0,1,0,GK,GK,matz sels,be,BEL,eng,Premier League,0.9565217391304348,84.69565217391305,2.9166666666666665,1.4351851851851851
2305,Adrian Šemper,hr CRO,GK,Pisa,it Serie A,28.0,1998.0,17,17,1530,17.0,0,0,0,0,0,0,0,0,0.0,25.0,1.47,84.0,60.0,71.4,1.0,9.0,7.0,4.0,23.5,1.0,1.0,0.0,0.0,0,0,,0.0,0.0,,,90,58.6,90.0,17,0,,7,0.71,13,25,-12,-0.71,0.46,0,0,0,0,2,0,0,0,0,0,GK,GK,adrian semper,hr,CRO,it,Serie A,1.0,90.0,3.5294117647058822,1.4705882352941178
2321,Mathys Silestrie,fr FRA,GK,Rennes,fr Ligue 1,20.0,2005.0,1,1,90,1.0,0,0,0,0,0,0,0,0,0.0,3.0,3.0,3.0,0.0,0.0,0.0,0.0,1.0,0.0,0.0,0.0,0.0,0.0,0.0,0,0,,0.0,0.0,,,90,3.8,90.0,1,0,,23,0.0,1,3,-2,-2.0,-2.32,0,0,0,0,0,0,0,0,0,0,GK,GK,mathys silestrie,fr,FRA,fr,Ligue 1,1.0,90.0,0.0,3.0
2327,Marco Silvestri,it ITA,GK,Cremonese,it Serie A,35.0,1991.0,4,4,360,4.0,0,0,0,0,0,0,0,0,0.0,7.0,1.75,22.0,15.0,68.2,0.0,3.0,1.0,0.0,0.0,0.0,0.0,0.0,0.0,0,0,,0.0,0.0,,,90,13.8,90.0,4,0,,25,0.75,4,7,-3,-0.75,-0.03,0,0,0,0,0,0,0,0,0,0,GK,GK,marco silvestri,it,ITA,it,Serie A,1.0,90.0,3.75,1.75
2332,Unai Simón,es ESP,GK,Athletic Club,es La Liga,28.0,1997.0,28,28,2520,28.0,0,0,0,0,0,0,0,0,0.0,40.0,1.43,113.0,77.0,67.3,10.0,5.0,13.0,5.0,17.9,4.0,3.0,1.0,0.0,0,0,,0.0,0.0,,,90,100.0,90.0,28,0,,0,1.25,30,40,-10,-0.36,,0,0,0,0,5,0,0,0,0,0,GK,GK,unai simon,es,ESP,es,La Liga,1.0,90.0,2.75,1.4285714285714286
2340,Antonio Sivera,es ESP,GK,Alavés,es La Liga,29.0,1996.0,28,28,2520,28.0,0,0,0,0,0,0,2,0,0.0,38.0,1.36,109.0,75.0,68.8,7.0,7.0,14.0,3.0,10.7,4.0,4.0,0.0,0.0,0,0,,0.0,0.0,,,90,100.0,90.0,28,0,,0,1.0,26,38,-12,-0.43,,2,0,0,1,1,0,0,0,1,0,GK,GK,antonio sivera,es,ESP,es,La Liga,1.0,90.0,2.6785714285714284,1.3571428571428572
2346,Łukasz Skorupski,pl POL,GK,Bologna,it Serie A,34.0,1991.0,17,17,1412,15.7,0,0,0,0,0,0,1,1,0.0,15.0,0.96,43.0,30.0,69.8,9.0,3.0,5.0,7.0,41.2,2.0,2.0,0.0,0.0,0,0,,0.0,0.0,,,83,54.1,83.0,15,0,,3,1.76,22,12,10,0.64,1.09,1,1,0,1,8,0,0,0,0,0,GK,GK,ukasz skorupski,pl,POL,it,Serie A,1.0,83.05882352941177,1.910828025477707,0.9554140127388535
2365,Daniele Sommariva,it ITA,GK,Genoa,it Serie A,28.0,1997.0,2,1,176,2.0,0,0,0,0,0,0,0,0,0.0,4.0,2.05,12.0,8.0,66.7,0.0,0.0,1.0,0.0,0.0,0.0,0.0,0.0,0.0,0,0,,0.0,0.0,,,88,6.7,90.0,1,1,86.0,26,0.0,1,4,-3,-1.53,-1.5,0,0,0,0,1,0,0,0,0,0,GK,GK,daniele sommariva,it,ITA,it,Serie A,0.5,88.0,4.0,2.0
2366,Yann Sommer,ch SUI,GK,Inter,it Serie A,37.0,1988.0,27,27,2430,27.0,0,0,0,0,0,0,0,0,0.0,22.0,0.81,71.0,50.0,71.8,20.0,2.0,5.0,14.0,51.9,2.0,2.0,0.0,0.0,0,0,,0.0,0.0,,,90,93.1,90.0,27,0,,2,2.3,61,22,39,1.44,-0.06,0,0,0,0,1,0,0,0,0,0,GK,GK,yann sommer,ch,SUI,it,Serie A,1.0,90.0,1.8518518518518519,0.8148148148148148
2368,David Soria,es ESP,GK,Getafe,es La Liga,32.0,1993.0,28,28,2520,28.0,0,0,0,0,0,0,2,0,0.0,30.0,1.07,119.0,89.0,75.6,10.0,5.0,13.0,8.0,28.6,1.0,1.0,0.0,0.0,0,0,,0.0,0.0,,,90,100.0,90.0,28,0,,0,1.25,23,30,-7,-0.25,,2,0,0,0,1,0,0,0,0,0,GK,GK,david soria,es,ESP,es,La Liga,1.0,90.0,3.1785714285714284,1.0714285714285714
2419,Zion Suzuki,jp JPN,GK,Parma,it Serie A,23.0,2002.0,12,12,1080,12.0,0,0,0,0,0,0,1,0,0.0,18.0,1.5,54.0,38.0,68.5,1.0,5.0,6.0,3.0,25.0,2.0,1.0,1.0,0.0,0,0,,0.0,0.0,,,90,41.4,90.0,12,0,,2,0.67,8,18,-10,-0.83,-0.54,1,0,0,0,2,0,0,0,0,0,GK,GK,zion suzuki,jp,JPN,it,Serie A,1.0,90.0,3.1666666666666665,1.5
2422,Mile Svilar,rs SRB,GK,Roma,it Serie A,26.0,1999.0,29,29,2610,29.0,0,0,0,0,0,0,0,0,0.0,23.0,0.79,108.0,86.0,79.6,16.0,3.0,10.0,12.0,41.4,1.0,1.0,0.0,0.0,0,0,,0.0,0.0,,,90,100.0,90.0,29,0,,0,1.76,39,23,16,0.55,,0,0,0,0,7,0,0,1,1,0,GK,GK,mile svilar,rs,SRB,it,Serie A,1.0,90.0,2.9655172413793105,0.7931034482758621
2428,Wojciech Szczęsny,pl POL,GK,Barcelona,es La Liga,35.0,1990.0,6,6,540,6.0,0,0,0,0,0,0,0,0,0.0,11.0,1.83,25.0,16.0,60.0,4.0,0.0,2.0,0.0,0.0,2.0,1.0,1.0,0.0,0,0,,0.0,0.0,,,90,21.4,90.0,6,0,,19,2.0,13,11,2,0.33,-1.8,0,0,0,0,0,0,0,0,0,0,GK,GK,wojciech szczesny,pl,POL,es,La Liga,1.0,90.0,2.6666666666666665,1.8333333333333333
2456,Arnau Tenas,es ESP,GK,Villarreal,es La Liga,24.0,2001.0,3,3,270,3.0,0,0,0,0,0,0,0,0,0.0,6.0,2.0,11.0,6.0,54.5,1.0,1.0,1.0,0.0,0.0,1.0,1.0,0.0,0.0,0,0,,0.0,0.0,,,90,10.7,90.0,3,0,,23,1.33,5,6,-1,-0.33,-1.09,0,0,0,0,0,0,0,0,1,0,GK,GK,arnau tenas,es,ESP,es,La Liga,1.0,90.0,2.0,2.0
2457,Marc-André ter Stegen,de GER,GK,Girona,es La Liga,33.0,1992.0,2,2,180,2.0,0,0,0,0,0,0,0,0,0.0,2.0,1.0,6.0,4.0,66.7,0.0,1.0,1.0,0.0,0.0,0.0,0.0,0.0,0.0,0,0,,0.0,0.0,,,90,7.1,90.0,2,0,,0,0.5,1,2,-1,-0.5,-0.08,0,0,0,0,0,0,0,0,0,0,GK,GK,marc-andre ter stegen,de,GER,es,La Liga,1.0,90.0,2.0,1.0
2459,Pietro Terracciano,it ITA,GK,Milan,it Serie A,36.0,1990.0,2,1,125,1.4,0,0,0,0,0,0,0,0,0.0,0.0,0.0,4.0,4.0,100.0,1.0,0.0,0.0,2.0,200.0,0.0,0.0,0.0,0.0,0,0,,0.0,0.0,,,63,4.8,90.0,1,1,35.0,26,3.0,4,0,4,2.88,2.19,0,0,0,0,0,0,0,0,0,0,GK,GK,pietro terracciano,it,ITA,it,Serie A,0.5,62.5,2.857142857142857,0.0
2504,James Trafford,eng ENG,GK,Manchester City,eng Premier League,23.0,2002.0,3,3,270,3.0,0,0,0,0,0,0,0,0,0.0,4.0,1.33,14.0,11.0,78.6,1.0,0.0,2.0,1.0,33.3,1.0,1.0,0.0,0.0,0,0,,0.0,0.0,,,90,10.0,90.0,3,0,,27,1.0,5,4,1,0.33,-0.81,0,0,0,0,1,0,0,0,1,0,GK,GK,james trafford,eng,ENG,eng,Premier League,1.0,90.0,3.6666666666666665,1.3333333333333333
2512,Kevin Trapp,de GER,GK,Paris FC,fr Ligue 1,35.0,1990.0,15,15,1350,15.0,0,0,0,0,0,0,2,0,0.0,21.0,1.4,55.0,38.0,70.9,4.0,7.0,4.0,6.0,40.0,7.0,5.0,1.0,1.0,0,0,,0.0,0.0,,,90,57.7,90.0,15,0,,10,1.27,14,21,-7,-0.47,-0.01,2,0,0,0,5,0,0,1,0,0,GK,GK,kevin trapp,de,GER,fr,Ligue 1,1.0,90.0,2.533333333333333,1.4
2527,Stefano Turati,it ITA,GK,Sassuolo,it Serie A,24.0,2001.0,1,1,90,1.0,0,0,0,0,0,0,0,0,0.0,2.0,2.0,4.0,2.0,50.0,0.0,0.0,1.0,0.0,0.0,0.0,0.0,0.0,0.0,0,0,,0.0,0.0,,,90,3.4,90.0,1,0,,23,0.0,0,2,-2,-2.0,-1.93,0,0,0,0,0,0,0,0,0,0,GK,GK,stefano turati,it,ITA,it,Serie A,1.0,90.0,2.0,2.0
2538,Sven Ulreich,de GER,GK,Bayern Munich,de Bundesliga,37.0,1988.0,1,1,90,1.0,0,0,0,0,0,0,1,0,0.0,1.0,1.0,7.0,6.0,85.7,0.0,1.0,0.0,0.0,0.0,0.0,0.0,0.0,0.0,0,0,,0.0,0.0,,,90,3.8,90.0,1,0,,10,1.0,1,1,0,0.0,-2.72,1,0,0,0,1,0,0,0,0,0,GK,GK,sven ulreich,de,GER,de,Bundesliga,1.0,90.0,6.0,1.0
2543,Jonas Urbig,de GER,GK,Bayern Munich,de Bundesliga,22.0,2003.0,8,6,630,7.0,0,0,0,0,0,0,0,0,0.0,7.0,1.0,19.0,13.0,68.4,5.0,0.0,1.0,4.0,66.7,2.0,1.0,0.0,1.0,0,0,,0.0,0.0,,,79,26.9,90.0,6,2,45.0,15,2.63,22,7,15,2.14,-0.65,0,0,0,0,0,0,0,0,0,0,GK,GK,jonas urbig,de,GER,de,Bundesliga,0.75,78.75,1.8571428571428572,1.0
2547,Hákon Valdimarsson,is ISL,GK,Brentford,eng Premier League,24.0,2001.0,1,1,90,1.0,0,0,0,0,0,0,0,0,0.0,3.0,3.0,4.0,1.0,25.0,1.0,0.0,0.0,0.0,0.0,0.0,0.0,0.0,0.0,0,0,,0.0,0.0,,,90,3.3,90.0,1,0,,29,3.0,4,3,1,1.0,0.9,0,0,0,0,0,0,0,0,0,0,GK,GK,hakon valdimarsson,is,ISL,eng,Premier League,1.0,90.0,1.0,3.0
2555,Álvaro Vallés,es ESP,GK,Real Betis,es La Liga,28.0,1997.0,20,20,1800,20.0,0,0,0,0,0,0,1,0,0.0,26.0,1.3,84.0,60.0,70.2,7.0,9.0,4.0,6.0,30.0,3.0,1.0,1.0,1.0,0,0,,0.0,0.0,,,90,71.4,90.0,20,0,,8,1.5,31,26,5,0.25,-0.13,1,0,0,0,3,0,0,0,0,0,GK,GK,alvaro valles,es,ESP,es,La Liga,1.0,90.0,3.0,1.3
2562,Maarten Vandevoordt,be BEL,GK,RB Leipzig,de Bundesliga,24.0,2002.0,5,4,422,4.7,0,0,0,0,0,0,0,0,0.0,7.0,1.49,19.0,13.0,63.2,2.0,1.0,1.0,0.0,0.0,1.0,0.0,1.0,0.0,0,0,,0.0,0.0,,,84,18.0,90.0,4,1,62.0,21,1.6,8,7,1,0.21,-0.35,0,0,0,0,1,0,0,0,0,0,GK,GK,maarten vandevoordt,be,BEL,de,Bundesliga,0.8,84.4,2.7659574468085104,1.4893617021276595
2567,Nikola Vasilj,ba BIH,GK,St Pauli,de Bundesliga,30.0,1995.0,26,26,2340,26.0,0,0,0,0,0,0,0,0,0.0,42.0,1.62,129.0,91.0,69.0,6.0,6.0,14.0,5.0,19.2,4.0,2.0,2.0,0.0,0,0,,0.0,0.0,,,90,100.0,90.0,26,0,,0,0.92,23,42,-19,-0.73,,0,0,0,0,1,0,0,1,1,0,GK,GK,nikola vasilj,ba,BIH,de,Bundesliga,1.0,90.0,3.5,1.6153846153846154
2587,Bart Verbruggen,nl NED,GK,Brighton,eng Premier League,23.0,2002.0,30,30,2700,30.0,0,0,0,0,0,0,3,0,0.0,36.0,1.2,112.0,80.0,72.3,10.0,10.0,10.0,7.0,23.3,6.0,5.0,1.0,0.0,0,0,,0.0,0.0,,,90,100.0,90.0,30,0,,0,1.33,39,36,3,0.1,,3,0,0,2,2,0,0,0,1,1,GK,GK,bart verbruggen,nl,NED,eng,Premier League,1.0,90.0,2.6666666666666665,1.2
2594,Guglielmo Vicario,it ITA,GK,Tottenham Hotspur,eng Premier League,29.0,1996.0,30,30,2700,30.0,0,0,0,0,0,0,1,0,0.0,47.0,1.57,124.0,79.0,63.7,7.0,9.0,14.0,7.0,23.3,2.0,2.0,0.0,0.0,0,0,,0.0,0.0,,,90,100.0,90.0,30,0,,0,1.0,40,47,-7,-0.23,,1,0,0,0,3,0,0,0,1,0,GK,GK,guglielmo vicario,it,ITA,eng,Premier League,1.0,90.0,2.6333333333333333,1.5666666666666667
2608,Odysseas Vlachodimos,gr GRE,GK,Sevilla,es La Liga,31.0,1994.0,24,24,2160,24.0,0,0,0,0,0,0,1,0,0.0,40.0,1.67,101.0,70.0,68.3,7.0,6.0,11.0,4.0,16.7,10.0,8.0,1.0,1.0,0,0,,0.0,0.0,,,90,85.7,90.0,24,0,,2,1.13,30,40,-10,-0.42,-0.42,1,0,0,0,0,0,0,1,0,0,GK,GK,odysseas vlachodimos,gr,GRE,es,La Liga,1.0,90.0,2.9166666666666665,1.6666666666666667
2699,Robin Zentner,de GER,GK,Mainz 05,de Bundesliga,31.0,1994.0,9,9,786,8.7,0,0,0,0,0,0,2,1,0.0,11.0,1.26,36.0,25.0,69.4,1.0,3.0,5.0,0.0,0.0,0.0,0.0,0.0,0.0,0,0,,0.0,0.0,,,87,33.6,87.0,8,0,,0,0.67,8,11,-3,-0.34,0.06,2,1,0,2,1,0,0,0,0,0,GK,GK,robin zentner,de,GER,de,Bundesliga,1.0,87.33333333333333,2.873563218390805,1.264367816091954
2702,Michael Zetterer,de GER,GK,Eintracht Frankfurt,de Bundesliga,30.0,1995.0,14,13,1256,14.0,0,0,0,0,0,0,1,0,0.0,17.0,1.22,43.0,28.0,65.1,7.0,4.0,2.0,6.0,46.2,2.0,2.0,0.0,0.0,0,0,,0.0,0.0,,,90,53.7,90.0,13,1,86.0,12,2.0,22,17,5,0.36,0.77,1,0,0,0,2,0,0,0,0,0,GK,GK,michael zetterer,de,GER,de,Bundesliga,0.9285714285714286,89.71428571428571,2.0,1.2142857142857142
2706,Melvin Zinga,fr FRA,GK,Angers,fr Ligue 1,24.0,2002.0,2,2,180,2.0,0,0,0,0,0,0,0,0,0.0,4.0,2.0,11.0,7.0,63.6,0.0,0.0,2.0,0.0,0.0,0.0,0.0,0.0,0.0,0,0,,0.0,0.0,,,90,7.7,90.0,2,0,,16,0.0,2,4,-2,-1.0,-0.71,0,0,0,0,0,0,0,0,1,0,GK,GK,melvin zinga,fr,FRA,fr,Ligue 1,1.0,90.0,3.5,2.0
